-- MySQL dump 10.13  Distrib 5.7.23, for osx10.14 (x86_64)
--
-- Host: 127.0.0.1    Database: comp1640
-- ------------------------------------------------------
-- Server version	5.7.25

/*!40101 SET @OLD_CHARACTER_SET_CLIENT=@@CHARACTER_SET_CLIENT */;
/*!40101 SET @OLD_CHARACTER_SET_RESULTS=@@CHARACTER_SET_RESULTS */;
/*!40101 SET @OLD_COLLATION_CONNECTION=@@COLLATION_CONNECTION */;
/*!40101 SET NAMES utf8 */;
/*!40103 SET @OLD_TIME_ZONE=@@TIME_ZONE */;
/*!40103 SET TIME_ZONE='+00:00' */;
/*!40014 SET @OLD_UNIQUE_CHECKS=@@UNIQUE_CHECKS, UNIQUE_CHECKS=0 */;
/*!40014 SET @OLD_FOREIGN_KEY_CHECKS=@@FOREIGN_KEY_CHECKS, FOREIGN_KEY_CHECKS=0 */;
/*!40101 SET @OLD_SQL_MODE=@@SQL_MODE, SQL_MODE='NO_AUTO_VALUE_ON_ZERO' */;
/*!40111 SET @OLD_SQL_NOTES=@@SQL_NOTES, SQL_NOTES=0 */;

--
-- Table structure for table `contribution`
--

DROP TABLE IF EXISTS `contribution`;
/*!40101 SET @saved_cs_client     = @@character_set_client */;
/*!40101 SET character_set_client = utf8 */;
CREATE TABLE `contribution` (
  `id` int(11) NOT NULL AUTO_INCREMENT,
  `author_id` int(11) NOT NULL,
  `approved_by_id` int(11) DEFAULT NULL,
  `term_id` int(11) NOT NULL,
  `title` varchar(255) COLLATE utf8mb4_unicode_ci NOT NULL,
  `comment` longtext COLLATE utf8mb4_unicode_ci,
  `feedbacked_at` datetime DEFAULT NULL,
  `published_at` datetime DEFAULT NULL,
  `agreed_terms_at` datetime NOT NULL,
  `document_filename` varchar(255) COLLATE utf8mb4_unicode_ci NOT NULL,
  `approved_at` datetime DEFAULT NULL,
  `feedback` longtext COLLATE utf8mb4_unicode_ci,
  PRIMARY KEY (`id`),
  KEY `IDX_EA351E15F675F31B` (`author_id`),
  KEY `IDX_EA351E15E2C35FC` (`term_id`),
  KEY `IDX_EA351E152D234F6A` (`approved_by_id`),
  CONSTRAINT `FK_EA351E152D234F6A` FOREIGN KEY (`approved_by_id`) REFERENCES `user` (`id`),
  CONSTRAINT `FK_EA351E15E2C35FC` FOREIGN KEY (`term_id`) REFERENCES `term` (`id`),
  CONSTRAINT `FK_EA351E15F675F31B` FOREIGN KEY (`author_id`) REFERENCES `user` (`id`)
) ENGINE=InnoDB AUTO_INCREMENT=201 DEFAULT CHARSET=utf8mb4 COLLATE=utf8mb4_unicode_ci;
/*!40101 SET character_set_client = @saved_cs_client */;

--
-- Dumping data for table `contribution`
--

LOCK TABLES `contribution` WRITE;
/*!40000 ALTER TABLE `contribution` DISABLE KEYS */;
INSERT INTO `contribution` VALUES (1,92,4,4,'ME,\' said Alice more.','It\'s enough to get into her face, and large eyes like a candle. I wonder what they WILL do next! If they had settled down in a long, low hall, which was lit up by wild beasts and other unpleasant.','2018-07-04 07:30:19','2019-01-20 04:16:48','2019-01-29 03:35:16','sample-docx-1000pages-5cc3e37b42aef.docx','2018-07-04 07:30:19','He says it kills all the children she knew, who might do very well as the soldiers shouted in reply. \'Idiot!\' said the cook. \'Treacle,\' said a timid and tremulous sound.] \'That\'s different from what.'),(2,17,3,4,'So Alice began to feel which.','This seemed to be beheaded!\' said Alice, (she had grown in the long hall, and wander about among those beds of bright flowers and those cool fountains, but she felt unhappy. \'It was a treacle-well.\'.','2018-10-11 15:23:49','2018-11-22 18:54:28','2018-12-20 13:24:32','sample-docx-10pages-5cc3e37b4b652.docx','2018-10-11 15:23:49','Duchess and the great question is, what did the archbishop find?\' The Mouse gave a little now and then, \'we went to school every day--\' \'I\'VE been to a lobster--\' (Alice began to repeat it, but her.'),(3,97,2,1,'Dormouse\'s place, and Alice looked down at her hands, and began:-- \'You are all dry, he is gay.','I only wish they COULD! I\'m sure she\'s the best plan.\' It sounded an excellent opportunity for repeating his remark, with variations. \'I shall sit here,\' the Footman continued in the distance. \'Come.','2018-10-14 12:20:09',NULL,'2018-10-24 23:52:28','sample-docx-50pages-5cc3e37b4fa85.docx','2018-10-14 12:20:09','ONE with such a capital one for catching mice--oh, I beg your pardon,\' said Alice sadly. \'Hand it over a little of the crowd below, and there was no more to come, so she went on, \'I must go by the.'),(4,43,NULL,2,'Alice thought to herself. \'Of the mushroom,\' said the Cat, as soon as the large.',NULL,NULL,NULL,'2018-08-23 18:34:03','sample-docx-10pages-5cc3e37b52a30.docx',NULL,NULL),(5,33,NULL,1,'Pigeon; \'but if they do, why then they\'re a kind of serpent, that\'s all you.',NULL,NULL,NULL,'2018-10-15 09:50:18','sample1-5cc3e37b561d9.doc',NULL,NULL),(6,78,3,3,'Queen shouted at the Mouse\'s tail; \'but why do you call him Tortoise--\' \'Why did you.','Gryphon replied rather crossly: \'of course you know what a delightful thing a bit!\' said the Queen in front of them, and it\'ll sit up and say \"How doth the little glass table. \'Now, I\'ll manage.','2018-08-17 00:21:57','2019-02-19 19:01:53','2018-11-08 00:17:41','sample-docx-1000pages-5cc3e37b59def.docx','2018-08-17 00:21:57','Alice started to her full size by this time?\' she said to the King, who had got its head impatiently, and walked off; the Dormouse sulkily remarked, \'If you didn\'t sign it,\' said Five, in a hoarse.'),(7,71,4,2,'Cat. \'I said pig,\' replied Alice; \'and I do it.',NULL,'2018-07-16 17:54:54',NULL,'2019-01-22 03:43:46','sample-docx-50pages-5cc3e37b5f3c6.docx','2018-07-16 17:54:54','Do you think you could manage it?) \'And what an ignorant little girl she\'ll think me for asking! No, it\'ll never do to come before that!\' \'Call the next witness would be only rustling in the common.'),(8,34,2,1,'William the Conqueror.\' (For, with all her knowledge of.','Gryphon answered, very nearly getting up and said, \'That\'s right, Five! Always lay the blame on others!\' \'YOU\'D better not talk!\' said Five. \'I heard every word you fellows were saying.\' \'Tell us a.','2018-06-07 09:19:41','2018-12-30 06:44:50','2018-10-13 02:55:42','sample-docx-10pages-5cc3e37b63fac.docx','2018-06-07 09:19:41','Alice, \'Have you seen the Mock Turtle, who looked at Alice. \'I\'M not a moment like a wild beast, screamed \'Off with his tea spoon at the Caterpillar\'s making such VERY short remarks, and she felt.'),(9,57,1,1,'Alice, who had been to her, so she helped herself to.','YOU?\' Which brought them back again to the little thing was snorting like a tunnel for some minutes. The Caterpillar and Alice looked at the thought that it led into the court, without even looking.','2018-10-13 00:19:18','2019-03-27 09:31:39','2019-01-28 07:00:06','sample-docx-10pages-5cc3e37b67b5f.docx','2018-10-13 00:19:18','What made you so awfully clever?\' \'I have answered three questions, and that if you only walk long enough.\' Alice felt dreadfully puzzled. The Hatter\'s remark seemed to listen, the whole thing, and.'),(10,7,2,2,'Bill!\' then the Rabbit\'s voice along--\'Catch him, you by the soldiers, who of.','However, she got back to finish his story. CHAPTER IV. The Rabbit Sends in a deep, hollow tone: \'sit down, both of you, and must know better\'; and this was not even room for YOU, and no room to open.','2018-09-24 09:36:14','2018-11-23 06:42:36','2019-01-09 11:37:48','sample1-5cc3e37b6c76d.doc','2018-09-24 09:36:14','Duchess and the baby with some difficulty, as it spoke (it was Bill, I fancy--Who\'s to go from here?\' \'That depends a good deal worse off than before, as the Rabbit, and had come to the conclusion.'),(11,13,2,3,'No room!\' they.','I? Ah, THAT\'S the great puzzle!\' And she opened the door between us. For instance, suppose it were white, but there were ten of them, and he called the Queen, \'and he shall tell you my.','2018-10-11 03:21:00',NULL,'2018-09-07 18:23:04','sample-5cc3e37b7417b.docx','2018-10-11 03:21:00','Alice in a hurry that she was exactly three inches high). \'But I\'m NOT a serpent!\' said Alice more boldly: \'you know you\'re growing too.\' \'Yes, but some crumbs must have imitated somebody else\'s.'),(12,54,1,1,'They all made a rush at Alice for protection. \'You shan\'t be beheaded!\' said.',NULL,'2018-08-05 21:27:18',NULL,'2018-10-12 04:59:22','sample-docx-50pages-5cc3e37b79209.docx','2018-08-05 21:27:18','And certainly there was not easy to know when the tide rises and sharks are around, His voice has a timid and tremulous sound.] \'That\'s different from what I should have liked teaching it tricks.'),(13,76,4,2,'I used--and I don\'t think,\' Alice went on planning to herself as she could.',NULL,'2018-08-07 02:33:27','2019-02-11 21:23:57','2018-05-22 14:10:00','sample-docx-50pages-5cc3e37b7c57b.docx','2018-08-07 02:33:27','Dormouse. \'Fourteenth of March, I think you\'d better leave off,\' said the Dodo said, \'EVERYBODY has won, and all that,\' said the Duchess, it had some kind of thing never happened, and now here I am.'),(14,17,NULL,2,'Pigeon, raising.',NULL,NULL,NULL,'2019-02-11 02:56:01','sample-5cc3e37b7f8b6.docx',NULL,NULL),(15,69,1,4,'Alice remained.',NULL,'2018-08-19 23:27:59','2019-02-17 17:21:12','2019-01-23 03:50:30','sample-docx-50pages-5cc3e37b84df0.docx','2018-08-19 23:27:59','It means much the most curious thing I ask! It\'s always six o\'clock now.\' A bright idea came into Alice\'s shoulder as he spoke, and then another confusion of voices--\'Hold up his head--Brandy.'),(16,13,2,1,'Alice looked up, but it said nothing. \'When we were little,\' the.','Conqueror, whose cause was favoured by the time at the house, and the fall NEVER come to the King, \'unless it was her dream:-- First, she dreamed of little Alice and all dripping wet, cross, and.','2018-05-31 00:16:22',NULL,'2018-11-02 17:30:29','sample-docx-1page-5cc3e37b88761.','2018-05-31 00:16:22','Mock Turtle sighed deeply, and drew the back of one flapper across his eyes. \'I wasn\'t asleep,\' he said to herself; \'I should like to be Involved in this way! Stop this moment, and fetch me a pair.'),(17,95,4,2,'Alice. \'And be quick about it,\' added.','Cheshire cat,\' said the King. \'Then it wasn\'t very civil of you to learn?\' \'Well, there was mouth enough for it now, I suppose, by being drowned in my kitchen AT ALL. Soup does very well as she.','2018-07-12 23:29:37','2019-04-10 22:46:32','2019-03-30 00:44:31','sample-docx-1000pages-5cc3e37b8c4d5.docx','2018-07-12 23:29:37','I should think very likely it can talk: at any rate,\' said Alice: \'she\'s so extremely--\' Just then her head in the pool rippling to the other ladder?--Why, I hadn\'t gone down that rabbit-hole--and.'),(18,88,NULL,4,'I hadn\'t mentioned Dinah!\' she said to herself, \'the way all the.',NULL,NULL,NULL,'2019-01-16 04:32:37','sample-docx-10pages-5cc3e37b90171.docx',NULL,NULL),(19,105,NULL,1,'How the Owl had the best cat in the night? Let me see--how IS it to.',NULL,NULL,NULL,'2018-04-28 03:05:26','sample-docx-50pages-5cc3e37b92d4d.docx',NULL,NULL),(20,10,4,3,'IT. It\'s HIM.\'.',NULL,'2018-08-04 03:28:37','2018-11-12 18:44:39','2019-01-16 08:28:14','sample1-5cc3e37b98617.doc','2018-08-04 03:28:37','Alice. \'You must be,\' said the Gryphon, with a great many more than three.\' \'Your hair wants cutting,\' said the Caterpillar. This was such a simple question,\' added the Gryphon, and the little thing.'),(21,66,NULL,3,'So you see, Alice had not attended.',NULL,NULL,NULL,'2019-02-24 06:30:44','sample-docx-10pages-5cc3e37b9c10c.docx',NULL,NULL),(22,81,1,1,'NO.','Alice was beginning to write this down on one side, to look over their heads. She felt very lonely and low-spirited. In a minute or two, and the reason they\'re called lessons,\' the Gryphon went on.','2018-08-26 08:34:25',NULL,'2018-05-21 22:28:44','sample-docx-1page-5cc3e37ba0839.','2018-08-26 08:34:25','Rabbit came up to her that she was going off into a graceful zigzag, and was gone in a minute. Alice began telling them her adventures from the sky! Ugh, Serpent!\' \'But I\'m NOT a serpent, I tell.'),(23,73,NULL,2,'I used--and I.',NULL,NULL,NULL,'2019-03-28 04:04:41','sample-docx-10pages-5cc3e37ba402a.docx',NULL,NULL),(24,94,NULL,3,'The three.',NULL,NULL,NULL,'2018-09-28 02:06:44','sample1-5cc3e37ba6e35.doc',NULL,NULL),(25,69,1,2,'And she opened it, and behind them a railway station.) However, she got to do,\' said the Queen.',NULL,'2018-06-18 11:56:15','2019-04-07 12:07:35','2018-06-13 05:46:37','sample-5cc3e37baa2e9.docx','2018-06-18 11:56:15','Alice remained looking thoughtfully at the moment, \'My dear! I shall see it quite plainly through the glass, and she crossed her hands up to the table to measure herself by it, and found that, as.'),(26,43,1,1,'Queen ordering off her head!\' about once in the common way. So she began.','The Queen\'s argument was, that she began nibbling at the corners: next the ten courtiers; these were ornamented all over their slates; \'but it doesn\'t matter which way I ought to be a book of rules.','2018-07-17 23:50:00',NULL,'2018-09-05 16:05:53','sample-docx-50pages-5cc3e37baf8f6.docx','2018-07-17 23:50:00','King. \'Nearly two miles high,\' added the Queen. \'I never heard before, \'Sure then I\'m here! Digging for apples, indeed!\' said the Duchess, \'chop off her unfortunate guests to execution--once more.'),(27,36,4,3,'WOULD not remember.',NULL,'2018-08-31 11:12:25',NULL,'2018-08-20 03:37:31','sample-docx-1page-5cc3e37bb5590.','2018-08-31 11:12:25','King said, for about the temper of your nose-- What made you so awfully clever?\' \'I have answered three questions, and that he had never had to do it.\' (And, as you are; secondly, because she was.'),(28,21,3,3,'Alice.',NULL,'2018-07-11 20:16:01','2018-11-23 01:58:29','2018-06-27 16:52:20','sample1-5cc3e37bb94eb.doc','2018-07-11 20:16:01','Alice. \'And ever since that,\' the Hatter went on again:-- \'You may go,\' said the cook. \'Treacle,\' said the White Rabbit put on his knee, and the executioner went off like an arrow. The Cat\'s head.'),(29,82,2,1,'Gryphon interrupted in a great crowd.',NULL,'2018-08-25 19:37:19','2019-04-12 05:18:48','2018-07-20 16:49:18','sample-5cc3e37bbe3d1.docx','2018-08-25 19:37:19','YOU, and no room at all fairly,\' Alice began, in a very truthful child; \'but little girls eat eggs quite as safe to stay with it as you can--\' \'Swim after them!\' screamed the Pigeon. \'I\'m NOT a.'),(30,99,2,3,'Alice the moment they saw her, they hurried back to her: its.','And she squeezed herself up on to her feet as the whole court was in confusion, getting the Dormouse say?\' one of the right-hand bit to try the first figure!\' said the Mock Turtle, and to stand on.','2018-05-23 18:58:05',NULL,'2018-09-04 10:59:51','sample-docx-10pages-5cc3e37bc4857.docx','2018-05-23 18:58:05','Gryphon, sighing in his note-book, cackled out \'Silence!\' and read out from his book, \'Rule Forty-two. ALL PERSONS MORE THAN A MILE HIGH TO LEAVE THE COURT.\' Everybody looked at Alice, as the large.'),(31,62,2,2,'Allow me to.','She hastily put down the chimney!\' \'Oh! So Bill\'s got to go down the little crocodile Improve his shining tail, And pour the waters of the same solemn tone, only changing the order of the house, and.','2018-09-08 02:47:18','2019-04-22 14:00:38','2018-12-17 16:25:52','sample-docx-1000pages-5cc3e37bcaddf.docx','2018-09-08 02:47:18','CHAPTER IV. The Rabbit started violently, dropped the white kid gloves while she ran, as well as she passed; it was over at last, they must needs come wriggling down from the time he had taken.'),(32,34,NULL,1,'Alice; \'I can\'t remember half of fright and half of them--and it belongs to the game.',NULL,NULL,NULL,'2019-04-04 03:48:05','sample-docx-1page-5cc3e37bce5dc.',NULL,NULL),(33,70,2,2,'There seemed.',NULL,'2018-07-25 22:58:11','2019-03-29 22:20:33','2018-08-11 21:08:05','sample-docx-1page-5cc3e37bd30f6.','2018-07-25 22:58:11','March Hare. \'Sixteenth,\' added the Queen. \'Well, I hardly know--No more, thank ye; I\'m better now--but I\'m a hatter.\' Here the Dormouse sulkily remarked, \'If you do. I\'ll set Dinah at you!\' There.'),(34,38,3,1,'Mock Turtle in a VERY.','Alice, that she was now the right distance--but then I wonder if I chose,\' the Duchess by this time.) \'You\'re nothing but a pack of cards!\' At this moment Five, who had been looking at the jury-box.','2018-05-07 03:59:23','2018-11-20 15:35:29','2018-10-05 22:55:46','sample-docx-1page-5cc3e37bd7ead.','2018-05-07 03:59:23','Hatter trembled so, that Alice had got burnt, and eaten up by a row of lamps hanging from the change: and Alice thought the whole court was a large ring, with the day of the wood--(she considered.'),(35,74,3,3,'And have grown most uncommonly fat; Yet you balanced an eel on the top of.','Alice was so much about a whiting to a day-school, too,\' said Alice; \'it\'s laid for a few minutes, and she at once crowded round it, panting, and asking, \'But who is Dinah, if I must, I must,\' the.','2018-06-29 08:58:59','2019-04-04 01:42:24','2018-10-25 17:19:10','sample-docx-1000pages-5cc3e37bdcff0.docx','2018-06-29 08:58:59','Alice. \'Only a thimble,\' said Alice in a voice she had to run back into the air. She did not see anything that had made her look up in a very fine day!\' said a sleepy voice behind her. \'Collar that.'),(36,102,2,2,'I almost wish I hadn\'t cried so much!\' Alas! it was.',NULL,'2018-09-11 17:48:51','2019-01-07 11:24:09','2018-06-02 12:17:20','sample1-5cc3e37be12a5.doc','2018-09-11 17:48:51','Soup, so rich and green, Waiting in a low, weak voice. \'Now, I give you fair warning,\' shouted the Queen in front of them, with her face in her pocket) till she too began dreaming after a few.'),(37,76,4,1,'Bill! I wouldn\'t say anything about it, you know--\' \'What did they live at the.','The Queen turned crimson with fury, and, after folding his arms and legs in all my life, never!\' They had not long to doubt, for the accident of the soldiers shouted in reply. \'Please come back and.','2018-04-30 12:44:29',NULL,'2019-02-15 04:00:18','sample-docx-10pages-5cc3e37be56b6.docx','2018-04-30 12:44:29','Queen: so she went on: \'--that begins with an M--\' \'Why with an M--\' \'Why with an M--\' \'Why with an M?\' said Alice. \'Then you should say \"With what porpoise?\"\' \'Don\'t you mean that you weren\'t to.'),(38,67,2,3,'I\'ve got.','Gryphon: \'I went to school in the pool, and the reason so many out-of-the-way things to happen, that it might not escape again, and went on at last, more calmly, though still sobbing a little.','2018-07-18 01:36:53',NULL,'2019-03-31 21:52:36','sample-docx-50pages-5cc3e37be9b0f.docx','2018-07-18 01:36:53','I can\'t remember,\' said the Mock Turtle, and said to live. \'I\'ve seen hatters before,\' she said to herself, \'Now, what am I to do this, so that by the carrier,\' she thought; \'and how funny it\'ll.'),(39,69,1,2,'But the snail replied \"Too far, too far!\" and gave a look askance-- Said he thanked the whiting.',NULL,'2018-05-06 13:09:54','2019-01-21 01:18:43','2018-09-28 01:06:50','sample1-5cc3e37becfdb.doc','2018-05-06 13:09:54','She felt very curious sensation, which puzzled her very earnestly, \'Now, Dinah, tell me your history, she do.\' \'I\'ll tell it her,\' said the Gryphon: \'I went to the little door was shut again, and we.'),(40,100,3,2,'Soo--oop! Beau--ootiful.',NULL,'2018-10-22 10:41:27',NULL,'2018-09-24 17:13:00','sample-docx-50pages-5cc3e37bf05a9.docx','2018-10-22 10:41:27','Presently she began again: \'Ou est ma chatte?\' which was sitting between them, fast asleep, and the moon, and memory, and muchness--you know you say it.\' \'That\'s nothing to do.\" Said the mouse.'),(41,63,NULL,3,'Alice called after it; and the bright eager eyes were looking up into a.',NULL,NULL,NULL,'2019-03-12 06:10:17','sample-docx-1000pages-5cc3e37c00700.docx',NULL,NULL),(42,11,NULL,3,'Hatter: and in another moment down went Alice like the Mock Turtle.',NULL,NULL,NULL,'2019-02-07 14:04:50','sample-5cc3e37c05711.docx',NULL,NULL),(43,19,1,1,'Magpie began wrapping itself up very sulkily and crossed over to herself, \'if.','Oh dear! I wish I hadn\'t quite finished my tea when I breathe\"!\' \'It IS a long time with the time,\' she said to one of them.\' In another minute there was room for this, and Alice joined the.','2018-06-01 07:55:19','2019-03-11 12:04:40','2018-11-22 19:17:32','sample-5cc3e37c0cea6.docx','2018-06-01 07:55:19','And the moral of that is--\"Birds of a globe of goldfish she had plenty of time as she swam nearer to watch them, and considered a little pattering of feet in a deep, hollow tone: \'sit down, both of.'),(44,101,3,2,'Cheshire cats always grinned; in fact, I didn\'t know that Cheshire cats always grinned.',NULL,'2018-06-05 10:23:27','2018-11-08 05:06:00','2018-09-13 03:27:41','sample-docx-1page-5cc3e37c14611.','2018-06-05 10:23:27','King, looking round the court was in a tone of delight, and rushed at the thought that she did so, very carefully, nibbling first at one and then hurried on, Alice started to her ear. \'You\'re.'),(45,84,NULL,1,'King was the only difficulty was, that anything that had made her so savage when they.',NULL,NULL,NULL,'2019-01-25 00:12:24','sample-docx-50pages-5cc3e37c18d6e.docx',NULL,NULL),(46,16,1,1,'Alice. \'But you\'re so easily offended!\' \'You\'ll.',NULL,'2018-06-26 10:33:52','2019-02-20 01:28:32','2018-12-18 02:41:59','sample-docx-1000pages-5cc3e37c1f1c7.docx','2018-06-26 10:33:52','Fainting in Coils.\' \'What was THAT like?\' said Alice. \'I don\'t much care where--\' said Alice. \'Exactly so,\' said the Mock Turtle Soup is made from,\' said the Gryphon, \'you first form into a tidy.'),(47,32,1,2,'Queen put on her spectacles, and began to feel a little shriek, and.',NULL,'2018-07-29 14:29:51','2019-02-19 23:23:48','2019-03-10 11:50:06','sample-docx-10pages-5cc3e37c244f9.docx','2018-07-29 14:29:51','Alice\'s elbow was pressed hard against it, that attempt proved a failure. Alice heard the Queen put on your head-- Do you think, at your age, it is I hate cats and dogs.\' It was so ordered about in.'),(48,25,4,2,'Queen never left off writing on his slate with one eye, How the Owl had the door of which was.','Alice, and she could not answer without a great hurry. An enormous puppy was looking up into the court, arm-in-arm with the lobsters to the other: the Duchess by this time, and was looking up into.','2018-09-08 14:43:25','2018-11-10 19:35:05','2018-12-11 02:26:14','sample-docx-50pages-5cc3e37c2c119.docx','2018-09-08 14:43:25','Alice sadly. \'Hand it over here,\' said the Queen, \'and take this child away with me,\' thought Alice, \'they\'re sure to make out which were the cook, to see the Queen. \'You make me larger, it must be.'),(49,38,3,2,'I know. Silence all round, if you.','And she\'s such a curious dream!\' said Alice, a good many voices all talking at once, she found this a good many little girls in my own tears! That WILL be a Caucus-race.\' \'What IS the same thing a.','2018-07-21 18:21:13','2019-04-11 00:46:44','2018-07-03 00:08:40','sample-docx-1page-5cc3e37c30483.','2018-07-21 18:21:13','Bill! catch hold of it; so, after hunting all about it!\' Last came a rumbling of little animals and birds waiting outside. The poor little thing was waving its right ear and left foot, so as to.'),(50,20,1,2,'Alice\'s, and they all looked puzzled.) \'He must have been changed.',NULL,'2018-07-04 01:39:28','2019-01-20 09:04:44','2019-02-13 05:30:14','sample-docx-1000pages-5cc3e37c34d8e.docx','2018-07-04 01:39:28','Dodo replied very solemnly. Alice was beginning very angrily, but the Dormouse said--\' the Hatter was the matter worse. You MUST have meant some mischief, or else you\'d have signed your name like an.'),(51,79,4,4,'Will you, won\'t you.',NULL,'2018-06-07 13:55:44','2019-04-18 15:54:15','2018-11-27 20:56:51','sample-docx-1000pages-5cc3e37c3b1b3.docx','2018-06-07 13:55:44','I wonder what Latitude was, or Longitude either, but thought they were mine before. If I or she fell very slowly, for she felt that it led into the jury-box, and saw that, in her hand, and Alice was.'),(52,8,4,4,'Next came the royal children; there were TWO little.',NULL,'2018-07-10 11:05:09','2019-02-13 23:16:14','2018-07-11 15:50:03','sample-5cc3e37c41b39.docx','2018-07-10 11:05:09','Alice put down the little crocodile Improve his shining tail, And pour the waters of the ground, Alice soon came to ME, and told me you had been (Before she had looked under it, and found herself.'),(53,22,1,2,'I\'ll set Dinah at you!\' There was certainly not becoming. \'And that\'s the jury, who.',NULL,'2018-07-14 00:13:13',NULL,'2018-07-21 00:03:40','sample-docx-10pages-5cc3e37c4860d.docx','2018-07-14 00:13:13','Alice, surprised at this, that she never knew whether it was not going to remark myself.\' \'Have you guessed the riddle yet?\' the Hatter with a whiting. Now you know.\' \'I DON\'T know,\' said Alice more.'),(54,43,1,4,'Hatter. \'You might just as I was a.','Alice hastily replied; \'only one doesn\'t like changing so often, you know.\' He was looking up into the garden with one finger pressed upon its nose. The Dormouse slowly opened his eyes very wide on.','2018-08-25 14:29:39','2019-01-26 20:10:04','2019-02-27 21:55:25','sample-docx-1page-5cc3e37c4d942.','2018-08-25 14:29:39','Hatter: \'let\'s all move one place on.\' He moved on as he found it very much,\' said the Duchess, who seemed to quiver all over with William the Conqueror.\' (For, with all her wonderful Adventures.'),(55,13,NULL,1,'And he got up in such a thing as \"I get what I should think you\'ll.',NULL,NULL,NULL,'2018-04-29 16:23:08','sample-docx-1page-5cc3e37c5146c.',NULL,NULL),(56,62,2,3,'Alice. It looked good-natured, she thought: still it was written to.',NULL,'2018-05-07 20:40:57',NULL,'2018-07-19 09:48:27','sample-5cc3e37c54ccf.docx','2018-05-07 20:40:57','I could show you our cat Dinah: I think it was,\' the March Hare. \'He denies it,\' said the Hatter: \'I\'m on the other queer noises, would change to tinkling sheep-bells, and the great puzzle!\' And she.'),(57,87,NULL,4,'I can\'t show it.',NULL,NULL,NULL,'2018-09-25 00:37:03','sample-docx-50pages-5cc3e37c58566.docx',NULL,NULL),(58,34,2,4,'It\'s enough to drive one.','There\'s no pleasing them!\' Alice was very likely it can talk: at any rate, the Dormouse indignantly. However, he consented to go after that into a conversation. \'You don\'t know the meaning of it at.','2018-07-07 17:16:42',NULL,'2018-07-04 08:31:45','sample1-5cc3e37c5bbbb.doc','2018-07-07 17:16:42','Alice. \'Come on, then!\' roared the Queen, the royal children, and make one quite giddy.\' \'All right,\' said the Mock Turtle said: \'advance twice, set to work at once and put back into the air off all.'),(59,62,NULL,3,'It sounded an excellent opportunity.',NULL,NULL,NULL,'2019-04-08 19:46:41','sample1-5cc3e37c5cf06.doc',NULL,NULL),(60,28,1,4,'So she tucked it away under her.','Said the mouse to the other was sitting on the back. However, it was certainly not becoming. \'And that\'s the jury-box,\' thought Alice, \'to speak to this mouse? Everything is so out-of-the-way down.','2018-07-27 03:11:05','2018-11-22 13:49:45','2019-04-03 08:37:30','sample-docx-50pages-5cc3e37c5fb3c.docx','2018-07-27 03:11:05','ME.\' \'You!\' said the Gryphon, and, taking Alice by the officers of the thing Mock Turtle recovered his voice, and, with tears again as quickly as she leant against a buttercup to rest herself, and.'),(61,64,4,1,'Alice.',NULL,'2018-07-18 07:29:57','2019-01-02 19:24:57','2018-07-11 14:26:02','sample-docx-1page-5cc3e37c64ab6.','2018-07-18 07:29:57','Alice desperately: \'he\'s perfectly idiotic!\' And she thought it had grown to her to wink with one eye; but to open it; but, as the other.\' As soon as look at them--\'I wish they\'d get the trial one.'),(62,100,3,2,'Hare. \'Exactly so,\' said Alice. \'I\'ve read that in about.',NULL,'2018-04-29 06:23:13','2018-12-16 22:21:56','2018-08-20 09:30:11','sample-docx-50pages-5cc3e37c682dc.docx','2018-04-29 06:23:13','However, this bottle does. I do it again and again.\' \'You are old,\' said the King said, for about the same thing, you know.\' \'Not at first, the two creatures got so much contradicted in her life; it.'),(63,60,2,4,'I beg your.','Alice)--\'and perhaps you haven\'t found it so VERY much out of sight; and an Eaglet, and several other curious creatures. Alice led the way, and nothing seems to grin, How neatly spread his claws.','2018-08-12 03:34:30',NULL,'2018-12-26 12:48:56','sample-docx-50pages-5cc3e37c6bef8.docx','2018-08-12 03:34:30','Seaography: then Drawling--the Drawling-master was an old woman--but then--always to have been changed for Mabel! I\'ll try if I shall have somebody to talk nonsense. The Queen\'s Croquet-Ground A.'),(64,64,NULL,2,'Alice. \'Why, you don\'t like the three gardeners, oblong and flat, with their fur.',NULL,NULL,NULL,'2018-10-20 11:51:56','sample-docx-1page-5cc3e37c6e023.',NULL,NULL),(65,87,NULL,2,'Alice did not at all like the right words,\' said poor Alice, \'it would have this cat removed!\'.',NULL,NULL,NULL,'2018-11-02 16:21:46','sample-5cc3e37c70b6c.docx',NULL,NULL),(66,76,NULL,4,'I THINK; or is it I can\'t take more.\' \'You mean you can\'t think! And.',NULL,NULL,NULL,'2019-02-02 02:11:22','sample1-5cc3e37c73708.doc',NULL,NULL),(67,20,1,3,'YOU sing,\' said the Gryphon, \'that they WOULD not remember ever having seen in.',NULL,'2018-05-26 17:04:27',NULL,'2018-05-21 00:30:45','sample-docx-50pages-5cc3e37c75c62.docx','2018-05-26 17:04:27','YOUR adventures.\' \'I could tell you my history, and you\'ll understand why it is to give the hedgehog had unrolled itself, and was a general clapping of hands at this: it was neither more nor less.'),(68,88,4,1,'I only wish.','There was certainly too much of a feather flock together.\"\' \'Only mustard isn\'t a bird,\' Alice remarked. \'Right, as usual,\' said the Dormouse, without considering at all what had become of you? I.','2018-09-16 10:48:32','2018-11-24 21:32:49','2018-09-10 14:53:03','sample-docx-1000pages-5cc3e37c793bc.docx','2018-09-16 10:48:32','There was nothing else to do, and perhaps as this before, never! And I declare it\'s too bad, that it felt quite unhappy at the other, and making quite a new kind of authority over Alice. \'Stand up.'),(69,83,1,4,'She had quite forgotten the.','Heads below!\' (a loud crash)--\'Now, who did that?--It was Bill, I fancy--Who\'s to go and get ready to play croquet with the distant green leaves. As there seemed to follow, except a little nervous.','2018-08-01 03:23:41',NULL,'2019-01-15 14:01:13','sample-docx-1000pages-5cc3e37c7db02.docx','2018-08-01 03:23:41','Oh dear! I shall have some fun now!\' thought Alice. \'I don\'t think--\' \'Then you may nurse it a bit, if you don\'t explain it as you can--\' \'Swim after them!\' screamed the Pigeon. \'I\'m NOT a serpent.'),(70,100,3,3,'Mind now!\' The poor little Lizard, Bill, was in March.\' As.','Gryphon. \'--you advance twice--\' \'Each with a lobster as a lark, And will talk in contemptuous tones of the shepherd boy--and the sneeze of the Nile On every golden scale! \'How cheerfully he seems.','2018-09-20 14:22:20',NULL,'2018-06-18 07:58:37','sample1-5cc3e37c813e5.doc','2018-09-20 14:22:20','II. The Pool of Tears \'Curiouser and curiouser!\' cried Alice again, for really I\'m quite tired and out of their wits!\' So she set the little door about fifteen inches high: she tried another.'),(71,95,4,4,'CHAPTER V. Advice from a bottle marked \'poison,\' so Alice ventured to say. \'What is it?\' Alice.',NULL,'2018-07-28 23:58:49','2019-03-10 07:53:47','2018-10-28 18:50:12','sample-5cc3e37c858de.docx','2018-07-28 23:58:49','Heads below!\' (a loud crash)--\'Now, who did that?--It was Bill, I fancy--Who\'s to go from here?\' \'That depends a good deal on where you want to go down the bottle, saying to her in a great letter.'),(72,16,1,2,'I should be free of them were.',NULL,'2018-05-19 00:42:59',NULL,'2018-10-09 04:22:48','sample-5cc3e37c8a998.docx','2018-05-19 00:42:59','Alice had never seen such a fall as this, I shall have to turn into a chrysalis--you will some day, you know--and then after that into a tree. \'Did you say things are \"much of a book,\' thought Alice.'),(73,68,4,2,'I think.\' And she.','March Hare. The Hatter shook his head sadly. \'Do I look like it?\' he said, turning to the little door: but, alas! either the locks were too large, or the key was too much frightened that she was as.','2018-08-17 21:49:26','2019-04-04 18:25:50','2019-03-05 05:40:46','sample-5cc3e37c8fdbb.docx','2018-08-17 21:49:26','English!\' said the Queen. \'Well, I hardly know--No more, thank ye; I\'m better now--but I\'m a hatter.\' Here the Queen merely remarking that a moment\'s pause. The only things in the air. \'--as far out.'),(74,13,2,1,'I think I can say.\' This was such a simple question,\' added the Dormouse.',NULL,'2018-10-04 03:35:00','2018-12-10 12:04:17','2018-07-06 19:28:30','sample-docx-1000pages-5cc3e37c93a2e.docx','2018-10-04 03:35:00','Soup! Soup of the way--\' \'THAT generally takes some time,\' interrupted the Gryphon. \'They can\'t have anything to say, she simply bowed, and took the watch and looked at the cook, and a bright brass.'),(75,101,NULL,1,'Queen shrieked out. \'Behead that Dormouse! Turn.',NULL,NULL,NULL,'2018-09-24 23:18:42','sample-docx-1page-5cc3e37c96b96.',NULL,NULL),(76,29,1,1,'Mock Turtle\'s heavy sobs. Lastly, she pictured to herself as she could, and soon found.','SHE, of course,\' said the Caterpillar. Alice thought decidedly uncivil. \'But perhaps it was the first figure!\' said the Caterpillar. Alice thought this a very interesting dance to watch,\' said.','2018-08-29 03:08:03',NULL,'2018-12-23 04:46:03','sample1-5cc3e37c99796.doc','2018-08-29 03:08:03','Alice thought to herself that perhaps it was addressed to the Gryphon. \'How the creatures order one about, and shouting \'Off with their heads downward! The Antipathies, I think--\' (for, you see.'),(77,62,NULL,3,'Heads below!\' (a loud crash)--\'Now, who did that?--It was Bill, I fancy--Who\'s to go on.',NULL,NULL,NULL,'2019-04-25 06:53:00','sample1-5cc3e37c9ad00.doc',NULL,NULL),(78,73,NULL,3,'England the nearer is.',NULL,NULL,NULL,'2018-12-01 20:16:42','sample-docx-1page-5cc3e37c9c54c.',NULL,NULL),(79,33,3,1,'He was looking for it, you know.\' \'And what are YOUR shoes done with?\' said.',NULL,'2018-05-26 17:38:13','2018-12-27 13:20:18','2019-01-14 10:55:30','sample1-5cc3e37c9e689.doc','2018-05-26 17:38:13','Dormouse fell asleep instantly, and neither of the country is, you ARE a simpleton.\' Alice did not like to be in a low voice, \'Why the fact is, you know. Come on!\' \'Everybody says \"come on!\" here,\'.'),(80,80,2,1,'Dinah, if I must, I must,\'.',NULL,'2018-07-01 02:45:13',NULL,'2018-09-12 12:29:51','sample1-5cc3e37ca09bc.doc','2018-07-01 02:45:13','Alice; \'I daresay it\'s a French mouse, come over with diamonds, and walked a little feeble, squeaking voice, (\'That\'s Bill,\' thought Alice,) \'Well, I can\'t show it you myself,\' the Mock Turtle. \'She.'),(81,54,NULL,4,'France-- Then turn not pale.',NULL,NULL,NULL,'2018-11-09 00:42:01','sample-docx-10pages-5cc3e37ca1e1f.docx',NULL,NULL),(82,38,3,3,'They had not attended to this mouse? Everything.',NULL,'2018-06-05 21:06:57','2018-12-14 23:25:35','2018-06-13 20:51:57','sample1-5cc3e37ca4613.doc','2018-06-05 21:06:57','Why, I haven\'t been invited yet.\' \'You\'ll see me there,\' said the Dormouse indignantly. However, he consented to go with Edgar Atheling to meet William and offer him the crown. William\'s conduct at.'),(83,48,2,4,'Rabbit in a very interesting dance to watch,\'.','Shakespeare, in the middle, nursing a baby; the cook and the March Hare went on. \'I do,\' Alice said to a day-school, too,\' said Alice; \'I might as well go in at the house, and wondering whether she.','2018-05-05 04:53:40',NULL,'2019-01-16 23:29:08','sample-5cc3e37ca7c38.docx','2018-05-05 04:53:40','This seemed to have no idea how to spell \'stupid,\' and that if you were INSIDE, you might knock, and I never understood what it was: she was quite tired and out of THIS!\' (Sounds of more energetic.'),(84,81,NULL,4,'Then the Queen merely remarking as it was written to nobody.',NULL,NULL,NULL,'2018-08-07 01:27:37','sample-docx-10pages-5cc3e37cab238.docx',NULL,NULL),(85,39,1,1,'But, now that I\'m perfectly sure I can\'t get out of his shrill little voice, the.',NULL,'2018-06-24 23:58:19',NULL,'2019-04-16 20:37:51','sample-docx-1000pages-5cc3e37caf1f7.docx','2018-06-24 23:58:19','Alice, so please your Majesty,\' the Hatter were having tea at it: a Dormouse was sitting on the slate. \'Herald, read the accusation!\' said the voice. \'Fetch me my gloves this moment!\' Then came a.'),(86,32,1,3,'OUTSIDE.\' He unfolded the paper as he could think of.','I wonder if I would talk on such a nice soft thing to nurse--and she\'s such a capital one for catching mice you can\'t swim, can you?\' he added, turning to Alice for protection. \'You shan\'t be.','2018-07-07 03:00:10','2018-11-17 16:44:00','2018-12-13 14:32:28','sample-5cc3e37cb4bae.docx','2018-07-07 03:00:10','For instance, if you could draw treacle out of the room. The cook threw a frying-pan after her as she could, and soon found herself in the same thing,\' said the Caterpillar. \'Well, I\'ve tried.'),(87,70,2,4,'Mouse replied rather.','YOU must cross-examine the next witness!\' said the Mock Turtle. \'Hold your tongue!\' said the King. \'When did you ever eat a bat?\' when suddenly, thump! thump! down she came in sight of the pack, she.','2018-07-26 21:15:29','2019-01-10 14:11:54','2018-11-22 04:13:56','sample-docx-50pages-5cc3e37cb98ab.docx','2018-07-26 21:15:29','And yet you incessantly stand on your head-- Do you think I could, if I was, I shouldn\'t like THAT!\' \'Oh, you foolish Alice!\' she answered herself. \'How can you learn lessons in the last concert!\'.'),(88,66,NULL,2,'Bill,\' she gave a.',NULL,NULL,NULL,'2018-05-21 21:01:24','sample-docx-10pages-5cc3e37cbcfd9.docx',NULL,NULL),(89,87,3,2,'Turtle. \'Hold your tongue!\' added the Dormouse, who seemed too.',NULL,'2018-08-22 18:09:06','2018-12-16 15:14:53','2018-09-01 19:52:27','sample-docx-10pages-5cc3e37cc0d85.docx','2018-08-22 18:09:06','Gryphon repeated impatiently: \'it begins \"I passed by his face only, she would catch a bad cold if she were looking up into the wood to listen. \'Mary Ann! Mary Ann!\' said the Rabbit angrily. \'Here!.'),(90,46,3,2,'Hatter added as an.','For some minutes the whole head appeared, and then treading on my tail. See how eagerly the lobsters to the beginning of the birds and animals that had made out the Fish-Footman was gone, and the.','2018-06-09 08:06:23','2019-02-06 23:00:39','2018-07-24 19:24:56','sample-docx-10pages-5cc3e37cc485e.docx','2018-06-09 08:06:23','March Hare. \'I didn\'t know how to spell \'stupid,\' and that makes you forget to talk. I can\'t tell you what year it is?\' \'Of course they were\', said the Knave, \'I didn\'t write it, and finding it very.'),(91,74,3,3,'AND WASHING--extra.\"\' \'You.',NULL,'2018-05-21 11:28:56','2018-11-20 18:59:37','2018-12-23 03:41:26','sample1-5cc3e37cc7932.doc','2018-05-21 11:28:56','When I used to say anything. \'Why,\' said the Cat: \'we\'re all mad here. I\'m mad. You\'re mad.\' \'How do you want to get dry very soon. \'Ahem!\' said the Duchess, \'as pigs have to go on for some while in.'),(92,74,NULL,1,'This of course, to begin with.\' \'A barrowful of WHAT?\' thought.',NULL,NULL,NULL,'2019-02-12 01:52:19','sample-docx-1000pages-5cc3e37cca4fb.docx',NULL,NULL),(93,98,1,1,'Latitude or Longitude I\'ve got to?\' (Alice had been.',NULL,'2018-06-13 20:22:01',NULL,'2018-09-22 02:41:26','sample-docx-1page-5cc3e37cce80f.','2018-06-13 20:22:01','Alice: he had to run back into the darkness as hard as it was her dream:-- First, she dreamed of little birds and animals that had fallen into a pig,\' Alice quietly said, just as she picked her way.'),(94,58,2,1,'Queen put on her face brightened up at this corner--No, tie \'em together.',NULL,'2018-10-02 13:51:50','2019-03-30 17:55:23','2019-02-03 04:36:46','sample-docx-50pages-5cc3e37cd261d.docx','2018-10-02 13:51:50','Mock Turtle: \'crumbs would all wash off in the distance, screaming with passion. She had just begun to dream that she could have told you that.\' \'If I\'d been the whiting,\' said Alice, \'how am I to.'),(95,84,1,2,'I can\'t put it into his plate. Alice did not dare to laugh; and, as a lark, And will talk in.',NULL,'2018-07-31 08:05:04',NULL,'2018-09-27 05:14:25','sample-5cc3e37cd62e4.docx','2018-07-31 08:05:04','The Footman seemed to her that she did not notice this last remark, \'it\'s a vegetable. It doesn\'t look like it?\' he said, \'on and off, for days and days.\' \'But what happens when one eats cake, but.'),(96,18,NULL,1,'All the time at the window.\' \'THAT you won\'t\' thought Alice, \'they\'re sure to make out what it.',NULL,NULL,NULL,'2019-01-06 21:51:20','sample-docx-10pages-5cc3e37cda338.docx',NULL,NULL),(97,21,3,1,'Pigeon, raising its voice to a day-school, too,\' said Alice; \'all I know I do!\' said Alice.','For anything tougher than suet; Yet you balanced an eel on the floor, as it went. So she began: \'O Mouse, do you know about it, and yet it was a child,\' said the King, and the roof bear?--Mind that.','2018-10-02 09:56:54','2019-02-24 14:31:39','2018-05-18 01:40:00','sample-docx-10pages-5cc3e37cdda5a.docx','2018-10-02 09:56:54','Mary Ann, what ARE you doing out here? Run home this moment, and fetch me a pair of white kid gloves, and she dropped it hastily, just in time to see what was going to begin again, it was addressed.'),(98,32,1,3,'Alice the moment she appeared; but she felt that this could.','Caterpillar. Alice said very politely, feeling quite pleased to find that she was getting very sleepy; \'and they all looked puzzled.) \'He must have prizes.\' \'But who has won?\' This question the Dodo.','2018-05-17 19:13:28','2019-03-20 01:19:05','2018-09-12 18:36:26','sample-docx-50pages-5cc3e37ce1ace.docx','2018-05-17 19:13:28','That WILL be a walrus or hippopotamus, but then she looked down into a graceful zigzag, and was a very truthful child; \'but little girls of her childhood: and how she would gather about her pet.'),(99,42,NULL,3,'Alice was soon submitted to by the little door, had vanished completely. Very.',NULL,NULL,NULL,'2018-12-19 10:51:34','sample-docx-10pages-5cc3e37ce4ff5.docx',NULL,NULL),(100,79,4,2,'Now, if you were down here with me! There are no mice in the after-time, be herself a.',NULL,'2018-06-29 09:55:46',NULL,'2018-05-09 23:38:29','sample1-5cc3e37ce77ad.doc','2018-06-29 09:55:46','And the Gryphon hastily. \'Go on with the other: he came trotting along in a very humble tone, going down on her toes when they met in the middle. Alice kept her waiting!\' Alice felt that she did not.'),(101,41,1,1,'Gryphon answered, very nearly in the lap of her head.',NULL,'2018-05-15 20:49:32','2019-03-13 09:52:27','2019-04-14 18:08:39','sample-docx-50pages-5cc3e37cea5db.docx','2018-05-15 20:49:32','I don\'t take this child away with me,\' thought Alice, \'and if it likes.\' \'I\'d rather finish my tea,\' said the young man said, \'And your hair has become very white; And yet I wish I hadn\'t to bring.'),(102,30,3,1,'By the time he was in the air. This time there could be no.','Time as well as pigs, and was just in time to see its meaning. \'And just as well wait, as she went on in the middle, nursing a baby; the cook till his eyes very wide on hearing this; but all he SAID.','2018-09-02 08:34:35',NULL,'2018-06-16 07:58:47','sample-docx-50pages-5cc3e37cee4da.docx','2018-09-02 08:34:35','I do so like that curious song about the temper of your nose-- What made you so awfully clever?\' \'I have answered three questions, and that is rather a hard word, I will just explain to you never to.'),(103,31,4,3,'I wonder?\' As she.','He only does it matter to me whether you\'re a little hot tea upon its forehead (the position in dancing.\' Alice said; but was dreadfully puzzled by the time they had a pencil that squeaked. This of.','2018-05-14 14:33:29',NULL,'2018-05-11 15:43:41','sample-5cc3e37cf321b.docx','2018-05-14 14:33:29','Said his father; \'don\'t give yourself airs! Do you think, at your age, it is all the way wherever she wanted much to know, but the three gardeners instantly threw themselves flat upon their faces.'),(104,17,3,3,'Alice replied eagerly, for she was looking at the Gryphon replied.',NULL,'2018-07-19 07:48:13','2019-03-09 12:44:59','2019-04-02 23:22:12','sample-docx-1000pages-5cc3e37d03e68.docx','2018-07-19 07:48:13','Alice. \'I\'M not a regular rule: you invented it just grazed his nose, you know?\' \'It\'s the oldest rule in the middle of one! There ought to tell you--all I know I have ordered\'; and she set the.'),(105,98,1,4,'Queen, \'and he shall tell you how the Dodo in an offended tone, \'Hm! No.','I to do?\' said Alice. \'Come, let\'s hear some of them didn\'t know it to annoy, Because he knows it teases.\' CHORUS. (In which the words \'DRINK ME\' beautifully printed on it (as she had never seen.','2018-07-11 19:43:56','2019-04-11 08:24:44','2018-10-30 14:59:34','sample-docx-1page-5cc3e37d07bbc.','2018-07-11 19:43:56','Two began in a game of play with a sigh. \'I only took the thimble, looking as solemn as she could not possibly reach it: she could have told you that.\' \'If I\'d been the right house, because the.'),(106,80,2,1,'Caterpillar. Alice thought the whole party swam to the porpoise, \"Keep back.',NULL,'2018-08-27 18:09:10',NULL,'2019-03-12 21:54:16','sample-docx-50pages-5cc3e37d0bee5.docx','2018-08-27 18:09:10','I\'ve been changed in the middle of her head made her next remark. \'Then the eleventh day must have prizes.\' \'But who has won?\' This question the Dodo solemnly, rising to its feet, ran round the.'),(107,96,3,3,'Dormouse followed him: the March Hare. \'I didn\'t know how.',NULL,'2018-05-04 22:51:46','2018-11-11 13:53:36','2019-03-07 21:36:06','sample-docx-10pages-5cc3e37d0fd57.docx','2018-05-04 22:51:46','Don\'t let me hear the words:-- \'I speak severely to my jaw, Has lasted the rest of the conversation. Alice replied, rather shyly, \'I--I hardly know, sir, just at present--at least I mean what I.'),(108,106,4,4,'Prizes!\' Alice had been (Before she.',NULL,'2018-05-15 22:28:26','2019-04-21 21:11:32','2018-06-11 06:39:22','sample1-5cc3e37d1430e.doc','2018-05-15 22:28:26','YOUR opinion,\' said Alice. \'Off with her face in her hand, and a long way back, and see that the way YOU manage?\' Alice asked. The Hatter shook his head sadly. \'Do I look like it?\' he said.'),(109,40,4,2,'Mock Turtle replied in a hot tureen! Who for such a noise inside.','Alice had got so much surprised, that for two Pennyworth only of beautiful Soup? Pennyworth only of beautiful Soup? Pennyworth only of beautiful Soup? Beau--ootiful Soo--oop! Soo--oop of the water.','2018-09-13 17:21:26','2019-04-03 23:26:36','2019-04-08 00:02:26','sample-5cc3e37d184ff.docx','2018-09-13 17:21:26','Gryphon. \'We can do without lobsters, you know. Which shall sing?\' \'Oh, YOU sing,\' said the Hatter. This piece of rudeness was more hopeless than ever: she sat on, with closed eyes, and half.'),(110,22,NULL,4,'Alice. \'It goes on, you know,\' said.',NULL,NULL,NULL,'2019-01-07 22:16:31','sample-docx-50pages-5cc3e37d1bce0.docx',NULL,NULL),(111,83,1,2,'Tell her to wink with one eye; \'I seem to be\"--or if you\'d.',NULL,'2018-05-19 07:57:26','2019-04-20 05:39:00','2018-07-04 01:36:17','sample-docx-1000pages-5cc3e37d1f143.docx','2018-05-19 07:57:26','I give it up,\' Alice replied: \'what\'s the answer?\' \'I haven\'t the slightest idea,\' said the Gryphon. \'It\'s all about for a minute or two, and the pattern on their hands and feet, to make personal.'),(112,66,2,4,'Queen, in a hot tureen! Who for such a noise inside, no one to listen to her, And mentioned.',NULL,'2018-05-21 12:01:59','2019-03-09 00:06:56','2019-04-21 06:51:55','sample-docx-1000pages-5cc3e37d22b50.docx','2018-05-21 12:01:59','March Hare. \'Exactly so,\' said the Gryphon. \'We can do no more, whatever happens. What WILL become of it; then Alice put down the little door, so she bore it as to the fifth bend, I think?\' \'I had.'),(113,86,NULL,2,'I am now? That\'ll be a lesson to you to learn?\' \'Well, there was no time she\'d.',NULL,NULL,NULL,'2018-05-31 03:02:28','sample-docx-10pages-5cc3e37d2a395.docx',NULL,NULL),(114,10,4,4,'I don\'t know where Dinn may be,\' said the.',NULL,'2018-09-08 01:12:50','2018-12-31 23:10:04','2018-08-22 04:22:14','sample-docx-1page-5cc3e37d2dd3f.','2018-09-08 01:12:50','Alice to find any. And yet you incessantly stand on your head-- Do you think, at your age, it is I hate cats and dogs.\' It was high time you were or might have been ill.\' \'So they were,\' said the.'),(115,12,3,3,'The question is, Who.',NULL,'2018-10-16 13:53:49','2019-04-26 04:10:31','2018-09-27 02:41:33','sample-docx-50pages-5cc3e37d314a4.docx','2018-10-16 13:53:49','Caterpillar took the least notice of her favourite word \'moral,\' and the turtles all advance! They are waiting on the look-out for serpents night and day! Why, I wouldn\'t be so kind,\' Alice replied.'),(116,72,3,2,'I used to come upon them.','She hastily put down the little passage: and THEN--she found herself safe in a pleased tone. \'Pray don\'t trouble yourself to say it over) \'--yes, that\'s about the whiting!\' \'Oh, as to bring but one.','2018-05-29 01:57:54','2019-01-31 16:06:53','2018-09-16 20:37:51','sample1-5cc3e37d34b39.doc','2018-05-29 01:57:54','Queen in a tone of delight, and rushed at the end of the leaves: \'I should like to show you! A little bright-eyed terrier, you know, upon the other guinea-pig cheered, and was going on within--a.'),(117,106,4,1,'Alice to herself, \'whenever I eat or drink anything; so I\'ll just see what the flame of a.',NULL,'2018-09-24 03:18:23',NULL,'2018-10-28 16:53:03','sample-docx-1page-5cc3e37d38877.','2018-09-24 03:18:23','I THINK; or is it twelve? I--\' \'Oh, don\'t talk about her and to hear it say, as it settled down in a fight with another hedgehog, which seemed to follow, except a little pattering of footsteps in.'),(118,32,NULL,4,'I say--that\'s the same age as herself, to see it.',NULL,NULL,NULL,'2019-02-15 18:17:44','sample-docx-1000pages-5cc3e37d3b3b4.docx',NULL,NULL),(119,28,1,2,'But she went on.','Queen, and Alice looked at them with large eyes like a Jack-in-the-box, and up I goes like a frog; and both the hedgehogs were out of THIS!\' (Sounds of more broken glass.) \'Now tell me, Pat, what\'s.','2018-06-12 17:11:44','2019-03-09 18:17:14','2018-06-20 16:13:53','sample-docx-10pages-5cc3e37d3fc79.docx','2018-06-12 17:11:44','TRUE--\" that\'s the jury, and the pool was getting so used to queer things happening. While she was losing her temper. \'Are you content now?\' said the Dodo. Then they all crowded round her, calling.'),(120,68,4,2,'March Hare moved into the.','Come on!\' So they had any sense, they\'d take the hint; but the Gryphon added \'Come, let\'s hear some of the Shark, But, when the race was over. Alice was thoroughly puzzled. \'Does the boots and.','2018-08-03 09:09:51',NULL,'2018-08-03 13:28:13','sample1-5cc3e37d424b0.doc','2018-08-03 09:09:51','The Hatter was the White Rabbit was no use now,\' thought Alice, \'to pretend to be told so. \'It\'s really dreadful,\' she muttered to herself, \'because of his teacup and bread-and-butter, and then.'),(121,87,NULL,2,'Alice. \'I\'ve tried every way, and the fan.',NULL,NULL,NULL,'2019-01-15 06:03:04','sample-docx-50pages-5cc3e37d44e00.docx',NULL,NULL),(122,60,2,4,'Dormouse is asleep again,\' said the Queen, pointing to the.',NULL,'2018-07-20 06:44:42',NULL,'2018-11-20 18:07:34','sample1-5cc3e37d48481.doc','2018-07-20 06:44:42','Dormouse followed him: the March Hare took the hookah out of the birds and beasts, as well to say \'Drink me,\' but the Hatter asked triumphantly. Alice did not venture to go near the door, and tried.'),(123,10,4,2,'Alice timidly. \'Would you tell me,\' said Alice.','All this time she went on. \'Or would you tell me,\' said Alice, in a trembling voice, \'--and I hadn\'t mentioned Dinah!\' she said to the voice of the tale was something like it,\' said the Caterpillar.','2018-09-11 20:59:50','2019-02-09 22:20:49','2018-11-15 10:24:43','sample-docx-1page-5cc3e37d4b073.','2018-09-11 20:59:50','Dodo suddenly called out to her feet in the pool, and the March Hare will be When they take us up and rubbed its eyes: then it chuckled. \'What fun!\' said the Mock Turtle, \'they--you\'ve seen them, of.'),(124,102,2,4,'There\'s no pleasing them!\'.','The hedgehog was engaged in a court of justice before, but she did so, and giving it something out of the teacups as the White Rabbit interrupted: \'UNimportant, your Majesty means, of course,\' said.','2018-10-11 20:44:41',NULL,'2019-01-23 08:38:25','sample-docx-1page-5cc3e37d4f005.','2018-10-11 20:44:41','Queen shouted at the door-- Pray, what is the same solemn tone, \'For the Duchess. \'I make you grow taller, and the arm that was linked into hers began to repeat it, when a sharp hiss made her so.'),(125,38,3,3,'I\'m NOT a serpent, I tell you!\' But she went on.',NULL,'2018-10-19 22:43:10','2018-12-02 07:00:40','2019-02-26 22:04:58','sample-docx-50pages-5cc3e37d53045.docx','2018-10-19 22:43:10','Alice did not answer, so Alice ventured to remark. \'Tut, tut, child!\' said the Duck. \'Found IT,\' the Mouse had changed his mind, and was just saying to herself, \'I wish the creatures order one.'),(126,54,1,3,'I\'ve had such a thing before, but she.',NULL,'2018-05-10 21:43:55',NULL,'2018-11-23 00:24:10','sample-docx-50pages-5cc3e37d5644e.docx','2018-05-10 21:43:55','I\'ll just see what was going to happen next. The first thing she heard was a large dish of tarts upon it: they looked so good, that it would be of any that do,\' Alice hastily replied; \'at least--at.'),(127,51,1,2,'Just at this moment Five, who had been jumping about like that!\' \'I.',NULL,'2018-08-26 00:52:00','2019-01-16 14:36:25','2018-06-08 13:52:33','sample-5cc3e37d5ac13.docx','2018-08-26 00:52:00','PRECIOUS nose\'; as an explanation; \'I\'ve none of them even when they liked, and left foot, so as to go with Edgar Atheling to meet William and offer him the crown. William\'s conduct at first she.'),(128,82,2,1,'Duchess, \'chop off her head!\' Alice glanced rather anxiously at the Queen.',NULL,'2018-09-25 04:14:06','2019-03-30 12:43:33','2018-05-16 07:43:39','sample1-5cc3e37d5ee5b.doc','2018-09-25 04:14:06','Duchess was VERY ugly; and secondly, because they\'re making such a long time together.\' \'Which is just the case with MINE,\' said the Mouse only shook its head impatiently, and walked two and two, as.'),(129,57,NULL,3,'I eat or drink under the door; so either way.',NULL,NULL,NULL,'2018-04-27 10:48:47','sample-docx-10pages-5cc3e37d6054e.docx',NULL,NULL),(130,33,NULL,1,'Alice began telling them her adventures from the Queen had ordered.',NULL,NULL,NULL,'2019-01-24 10:24:13','sample-5cc3e37d631ef.docx',NULL,NULL),(131,20,1,4,'I then? Tell me that first, and then, \'we went to school every day--\' \'I\'VE.',NULL,'2018-05-09 13:36:21','2019-02-04 13:21:44','2018-11-09 12:59:20','sample-docx-50pages-5cc3e37d67d5c.docx','2018-05-09 13:36:21','Queen will hear you! You see, she came rather late, and the blades of grass, but she was losing her temper. \'Are you content now?\' said the Dormouse, and repeated her question. \'Why did they live at.'),(132,59,1,4,'Alice did not look at me like that!\' By this time she went back for a minute.',NULL,'2018-06-07 07:07:57','2019-02-04 21:21:30','2019-03-22 22:59:42','sample-docx-50pages-5cc3e37d6bdc8.docx','2018-06-07 07:07:57','Hatter, and, just as if he had taken advantage of the right-hand bit to try the patience of an oyster!\' \'I wish the creatures order one about, and shouting \'Off with her head in the wind, and was.'),(133,85,1,2,'Soup, so rich and green, Waiting in a.','Duchess, \'chop off her knowledge, as there was mouth enough for it flashed across her mind that she looked down, was an old Turtle--we used to do:-- \'How doth the little--\"\' and she crossed her.','2018-07-31 13:45:05',NULL,'2018-11-01 10:24:21','sample-docx-1page-5cc3e37d6efea.','2018-07-31 13:45:05','English); \'now I\'m opening out like the Queen?\' said the Dodo, pointing to the executioner: \'fetch her here.\' And the muscular strength, which it gave to my right size: the next question is, what.'),(134,77,3,2,'They are waiting on the spot.\' This did not at all anxious to have got.','Dinah, and saying \"Come up again, dear!\" I shall ever see you again, you dear old thing!\' said the King eagerly, and he wasn\'t one?\' Alice asked. \'We called him a fish)--and rapped loudly at the.','2018-06-19 05:09:51','2019-03-08 11:06:33','2018-07-02 05:53:39','sample-docx-1000pages-5cc3e37d72c32.docx','2018-06-19 05:09:51','Alice to herself. \'I dare say you\'re wondering why I don\'t want YOU with us!\"\' \'They were learning to draw, you know--\' \'What did they draw?\' said Alice, feeling very glad to do it! Oh dear! I shall.'),(135,99,2,3,'Soup, so rich and green.','Alice; \'you needn\'t be so easily offended, you know!\' The Mouse did not like the three gardeners at it, and talking over its head. \'Very uncomfortable for the garden!\' and she crossed her hands up.','2018-07-11 16:28:41','2018-11-20 12:20:30','2018-10-12 13:33:29','sample-5cc3e37d77383.docx','2018-07-11 16:28:41','And beat him when he pleases!\' CHORUS. \'Wow! wow! wow!\' \'Here! you may stand down,\' continued the Gryphon. \'Of course,\' the Gryphon only answered \'Come on!\' and ran the faster, while more and more.'),(136,104,NULL,3,'Dormouse, not choosing to notice this question, but hurriedly went.',NULL,NULL,NULL,'2019-01-21 11:05:21','sample1-5cc3e37d7b095.doc',NULL,NULL),(137,91,1,4,'I\'m Mabel, I\'ll stay down here! It\'ll be no chance of this, so that by the way to.',NULL,'2018-06-11 18:17:03','2019-01-25 22:37:54','2019-03-26 03:33:37','sample-5cc3e37d7ec70.docx','2018-06-11 18:17:03','So she set to partners--\' \'--change lobsters, and retire in same order,\' continued the Hatter, \'when the Queen said--\' \'Get to your tea; it\'s getting late.\' So Alice got up this morning? I almost.'),(138,9,1,3,'It sounded an excellent opportunity for making her escape; so she went on: \'But why did.','Alice had begun to think that very few little girls of her sister, as well say,\' added the Hatter, \'when the Queen jumped up and said, very gravely, \'I think, you ought to be a walrus or.','2018-07-04 18:43:30','2019-04-26 19:04:21','2018-07-21 04:26:38','sample-5cc3e37d83b1d.docx','2018-07-04 18:43:30','Queen added to one of these cakes,\' she thought, \'till its ears have come, or at least one of them bowed low. \'Would you tell me,\' said Alice, rather doubtfully, as she could have been a holiday?\'.'),(139,74,NULL,4,'The only things in the world am I?.',NULL,NULL,NULL,'2018-11-24 22:51:30','sample-docx-1page-5cc3e37d8743a.',NULL,NULL),(140,12,3,3,'If I or she fell past it.',NULL,'2018-07-17 05:44:51','2018-11-27 23:12:56','2018-07-26 13:09:08','sample-docx-10pages-5cc3e37d8a768.docx','2018-07-17 05:44:51','Gryphon, with a little shaking among the people that walk with their hands and feet at once, she found herself safe in a hurry that she was coming back to the other side, the puppy began a series of.'),(141,80,2,4,'I could show you.',NULL,'2018-05-16 06:13:09','2019-04-17 14:37:05','2019-03-08 15:39:26','sample-docx-1page-5cc3e37d8d4cc.','2018-05-16 06:13:09','Why, there\'s hardly room to grow up again! Let me see: four times six is thirteen, and four times five is twelve, and four times six is thirteen, and four times five is twelve, and four times five.'),(142,35,3,2,'Alice. \'I\'ve read that in some alarm. This time there were.','Gryphon. \'They can\'t have anything to put the Dormouse fell asleep instantly, and neither of the hall: in fact she was trying to put it into his cup of tea, and looked at Alice, as she could see.','2018-09-25 18:47:30','2019-04-26 10:14:00','2018-08-30 17:58:20','sample-5cc3e37d90def.docx','2018-09-25 18:47:30','Cat, \'if you only walk long enough.\' Alice felt so desperate that she was terribly frightened all the way of escape, and wondering what to uglify is, you see, as they were getting so far off). \'Oh.'),(143,103,4,3,'Cat again, sitting on the table. \'Have some wine,\'.','Gryphon. \'They can\'t have anything to put it more clearly,\' Alice replied in an encouraging tone. Alice looked all round the neck of the Mock Turtle yet?\' \'No,\' said Alice. \'Off with his nose Trims.','2018-06-23 01:26:48','2019-01-22 07:31:30','2018-11-10 00:02:45','sample-docx-10pages-5cc3e37d9670b.docx','2018-06-23 01:26:48','I should think you\'ll feel it a little startled by seeing the Cheshire Cat: now I shall have to go near the door opened inwards, and Alice\'s elbow was pressed so closely against her foot, that there.'),(144,22,1,3,'Tell her to begin.\' He.','Then followed the Knave \'Turn them over!\' The Knave of Hearts, he stole those tarts, And took them quite away!\' \'Consider your verdict,\' the King said to Alice, and she swam about, trying to fix on.','2018-06-18 07:01:30',NULL,'2018-11-08 17:19:52','sample-docx-50pages-5cc3e37d997bf.docx','2018-06-18 07:01:30','I am to see a little irritated at the stick, running a very small cake, on which the wretched Hatter trembled so, that Alice quite hungry to look at me like that!\' But she went on, \'--likely to win.'),(145,21,3,1,'The only.','THESE?\' said the Queen. \'Can you play croquet?\' The soldiers were silent, and looked very anxiously into her head. \'If I eat or drink under the hedge. In another moment that it would be of any use.','2018-08-27 09:31:51','2019-03-30 15:26:27','2018-10-12 13:08:32','sample-docx-1page-5cc3e37d9cb16.','2018-08-27 09:31:51','Our family always HATED cats: nasty, low, vulgar things! Don\'t let me help to undo it!\' \'I shall be punished for it now, I suppose, by being drowned in my time, but never ONE with such sudden.'),(146,78,NULL,4,'Hatter. This piece of.',NULL,NULL,NULL,'2018-05-10 20:13:14','sample-docx-1000pages-5cc3e37d9f67d.docx',NULL,NULL),(147,9,1,4,'That\'s all.\' \'Thank you,\'.','But do cats eat bats?\' and sometimes, \'Do bats eat cats?\' for, you see, Alice had been (Before she had nibbled some more of the well, and noticed that the cause of this ointment--one shilling the.','2018-09-17 08:23:27','2019-03-12 05:07:08','2019-01-07 07:34:25','sample-docx-10pages-5cc3e37da373a.docx','2018-09-17 08:23:27','CHAPTER VI. Pig and Pepper For a minute or two she walked sadly down the middle, nursing a baby; the cook had disappeared. \'Never mind!\' said the Duchess, digging her sharp little chin into Alice\'s.'),(148,29,NULL,4,'They all sat down.',NULL,NULL,NULL,'2018-10-04 17:34:33','sample-docx-10pages-5cc3e37da620c.docx',NULL,NULL),(149,101,NULL,3,'THE LITTLE BUSY BEE,\" but it was out of a procession,\' thought she, \'what would become of.',NULL,NULL,NULL,'2018-08-30 08:27:43','sample-docx-10pages-5cc3e37da86d0.docx',NULL,NULL),(150,72,3,3,'I begin, please your Majesty!\' the soldiers had to do anything but sit with its.',NULL,'2018-05-26 15:04:53','2019-01-14 15:53:59','2018-09-04 22:01:26','sample-docx-50pages-5cc3e37daaf2d.docx','2018-05-26 15:04:53','On various pretexts they all stopped and looked at Alice. \'I\'M not a bit hurt, and she thought it would,\' said the Dodo had paused as if he doesn\'t begin.\' But she did not get dry very soon. \'Ahem!\'.'),(151,24,2,4,'And then, turning to the game. CHAPTER IX. The Mock Turtle went on. \'We had.','Ann! Mary Ann!\' said the Duchess, as she ran; but the Dormouse began in a tone of this pool? I am now? That\'ll be a comfort, one way--never to be true): If she should chance to be a comfort, one.','2018-07-24 00:46:02','2018-12-01 09:57:06','2019-01-24 03:16:38','sample-docx-1page-5cc3e37daf76c.','2018-07-24 00:46:02','I ought to go among mad people,\' Alice remarked. \'Right, as usual,\' said the Hatter. Alice felt that she never knew so much already, that it would be grand, certainly,\' said Alice, in a natural way.'),(152,91,1,1,'Caterpillar. \'Well, I.',NULL,'2018-08-08 08:41:42','2019-03-21 10:50:12','2019-01-24 23:44:40','sample1-5cc3e37db243b.doc','2018-08-08 08:41:42','King exclaimed, turning to Alice. \'Only a thimble,\' said Alice in a VERY unpleasant state of mind, she turned the corner, but the Dodo had paused as if he were trying which word sounded best. Some.'),(153,70,2,4,'I can\'t quite follow it as to size,\'.',NULL,'2018-09-01 00:14:24',NULL,'2018-07-02 19:45:57','sample-docx-1000pages-5cc3e37db50dc.docx','2018-09-01 00:14:24','Lory, with a sudden leap out of his tail. \'As if I like being that person, I\'ll come up: if not, I\'ll stay down here with me! There are no mice in the same solemn tone, \'For the Duchess. \'I make you.'),(154,17,3,4,'Alice opened the door and went.',NULL,'2018-06-05 02:38:45','2019-02-01 10:20:52','2018-08-17 17:03:49','sample-docx-1000pages-5cc3e37db8fc0.docx','2018-06-05 02:38:45','THAT. Then again--\"BEFORE SHE HAD THIS FIT--\" you never had to double themselves up and repeat \"\'TIS THE VOICE OF THE SLUGGARD,\"\' said the Mock Turtle, who looked at Two. Two began in a mournful.'),(155,8,4,1,'Alice. \'And where HAVE my.',NULL,'2018-08-08 17:59:10','2018-11-07 02:12:40','2018-05-10 11:14:49','sample-docx-10pages-5cc3e37dbc096.docx','2018-08-08 17:59:10','COULD he turn them out with trying, the poor little thing grunted in reply (it had left off staring at the White Rabbit put on her lap as if she did it at all,\' said Alice: \'besides, that\'s not a.'),(156,73,NULL,2,'CAN I.',NULL,NULL,NULL,'2018-08-07 05:09:08','sample-docx-50pages-5cc3e37dbdece.docx',NULL,NULL),(157,93,2,3,'KNOW IT TO BE TRUE--\" that\'s the jury-box,\' thought Alice, \'as all the first.',NULL,'2018-09-08 07:44:08','2019-03-26 12:27:47','2018-05-28 09:53:29','sample-docx-1000pages-5cc3e37dc16ad.docx','2018-09-08 07:44:08','King put on your shoes and stockings for you now, dears? I\'m sure she\'s the best of educations--in fact, we went to school in the court!\' and the fan, and skurried away into the garden, and I had to.'),(158,40,NULL,3,'The King and Queen of Hearts, he stole those tarts, And took them.',NULL,NULL,NULL,'2018-11-10 10:11:46','sample1-5cc3e37dc3e18.doc',NULL,NULL),(159,87,3,4,'For, you see, Miss, we\'re doing our best, afore she comes, to--\' At.',NULL,'2018-06-07 12:50:02',NULL,'2018-10-10 03:48:20','sample-5cc3e37dc6eda.docx','2018-06-07 12:50:02','Alice again, for she was quite silent for a minute, nurse! But I\'ve got to the Gryphon. \'Of course,\' the Mock Turtle. \'Seals, turtles, salmon, and so on; then, when you\'ve cleared all the same, the.'),(160,95,4,3,'It was so much.','She said this she looked back once or twice she had tired herself out with his nose Trims his belt and his buttons, and turns out his toes.\' [later editions continued as follows When the sands are.','2018-09-03 06:45:15','2018-12-18 16:53:10','2019-03-11 13:13:20','sample1-5cc3e37dca9d1.doc','2018-09-03 06:45:15','Rabbit\'s voice along--\'Catch him, you by the whole party swam to the door. \'Call the first verse,\' said the Dormouse, who seemed to have it explained,\' said the Cat. \'I\'d nearly forgotten that I\'ve.'),(161,9,NULL,3,'Come on!\' \'Everybody says \"come on!\" here,\' thought Alice, \'as all the.',NULL,NULL,NULL,'2019-04-03 14:43:15','sample1-5cc3e37dccd71.doc',NULL,NULL),(162,46,3,1,'Alice a good.',NULL,'2018-05-27 21:17:31','2018-11-11 19:36:02','2019-02-28 13:21:42','sample-5cc3e37dcf869.docx','2018-05-27 21:17:31','Alice, as she remembered the number of executions the Queen till she was a different person then.\' \'Explain all that,\' he said to the Knave. The Knave did so, and giving it something out of its.'),(163,78,NULL,2,'I think?\' he said to herself.',NULL,NULL,NULL,'2018-12-10 16:35:36','sample-docx-1page-5cc3e37dd354c.',NULL,NULL),(164,10,4,2,'The Rabbit Sends in a trembling voice, \'--and I hadn\'t gone down that rabbit-hole--and.','Majesty,\' said the Duchess; \'and that\'s why. Pig!\' She said the King. \'I can\'t explain it,\' said Alice. \'Of course they were\', said the King, \'and don\'t look at all a proper way of nursing it.','2018-10-14 20:34:58','2019-02-06 06:10:47','2018-05-05 22:42:30','sample-docx-1000pages-5cc3e37dd7529.docx','2018-10-14 20:34:58','Please, Ma\'am, is this New Zealand or Australia?\' (and she tried to get through the door, she found to be in Bill\'s place for a rabbit! I suppose I ought to be a LITTLE larger, sir, if you please!.'),(165,86,3,3,'Alice said to herself how this same little sister of hers.',NULL,'2018-07-23 05:22:27','2019-04-11 15:43:39','2018-12-17 19:42:41','sample1-5cc3e37dda64e.doc','2018-07-23 05:22:27','The Hatter looked at it gloomily: then he dipped it into his cup of tea, and looked at the Gryphon replied very politely, \'if I had our Dinah here, I know all sorts of little Alice and all sorts of.'),(166,87,3,4,'I hadn\'t begun my tea--not above a week or so--and what with the Dormouse. \'Fourteenth of.','Alice, \'Have you guessed the riddle yet?\' the Hatter hurriedly left the court, without even waiting to put the Dormouse crossed the court, arm-in-arm with the strange creatures of her going, though.','2018-09-24 09:59:22','2019-03-19 18:59:42','2018-10-06 09:20:43','sample1-5cc3e37ddc981.doc','2018-09-24 09:59:22','King said to herself how she would gather about her any more questions about it, so she helped herself to some tea and bread-and-butter, and then the different branches of Arithmetic--Ambition.'),(167,81,1,1,'Alice angrily. \'It wasn\'t very civil of.','I get\" is the same solemn tone, only changing the order of the table. \'Nothing can be clearer than THAT. Then again--\"BEFORE SHE HAD THIS FIT--\" you never to lose YOUR temper!\' \'Hold your tongue!\'.','2018-06-16 04:27:34','2018-11-19 10:29:19','2018-09-26 13:54:53','sample-docx-10pages-5cc3e37ddf253.docx','2018-06-16 04:27:34','WOULD go with Edgar Atheling to meet William and offer him the crown. William\'s conduct at first she thought it would,\' said the Lory hastily. \'I thought you did,\' said the Eaglet. \'I don\'t much.'),(168,57,1,4,'D,\' she added aloud. \'Do you know what to beautify is, I.','Alice more boldly: \'you know you\'re growing too.\' \'Yes, but I hadn\'t begun my tea--not above a week or so--and what with the other two were using it as far down the bottle, saying to herself.','2018-10-26 12:47:13','2019-02-14 19:40:57','2019-02-13 03:14:09','sample-docx-50pages-5cc3e37de20eb.docx','2018-10-26 12:47:13','Duchess and the words \'EAT ME\' were beautifully marked in currants. \'Well, I\'ll eat it,\' said the Queen, and Alice heard the Rabbit coming to look down and began talking again. \'Dinah\'ll miss me.'),(169,40,NULL,4,'Alice, who felt ready.',NULL,NULL,NULL,'2018-08-27 10:19:03','sample-docx-10pages-5cc3e37de4850.docx',NULL,NULL),(170,30,NULL,4,'How brave they\'ll all think me for his housemaid,\' she said aloud. \'I.',NULL,NULL,NULL,'2019-01-18 06:16:46','sample-docx-10pages-5cc3e37de6dd4.docx',NULL,NULL),(171,47,4,4,'Alice. \'Nothing,\' said Alice. \'Anything you like,\' said the.','Alice ventured to ask. \'Suppose we change the subject. \'Go on with the Lory, who at last she spread out her hand, and Alice joined the procession, wondering very much confused, \'I don\'t think they.','2018-09-25 04:32:22','2019-04-27 00:55:46','2018-09-29 22:15:43','sample-docx-1page-5cc3e37dea94d.','2018-09-25 04:32:22','At this moment Alice appeared, she was in livery: otherwise, judging by his garden, and marked, with one finger for the fan and a fan! Quick, now!\' And Alice was thoroughly puzzled. \'Does the boots.'),(172,35,3,4,'THAT like?\' said Alice. \'Of course it is,\' said.',NULL,'2018-07-29 18:23:05','2019-02-03 01:16:06','2018-11-09 06:01:35','sample1-5cc3e37ded612.doc','2018-07-29 18:23:05','Queen jumped up in spite of all her fancy, that: he hasn\'t got no sorrow, you know. But do cats eat bats?\' and sometimes, \'Do bats eat cats?\' for, you see, because some of them didn\'t know it was.'),(173,73,NULL,3,'Gryphon only answered \'Come on!\' and ran off, thinking while she was terribly.',NULL,NULL,NULL,'2018-12-03 09:17:21','sample-docx-1000pages-5cc3e37def44d.docx',NULL,NULL),(174,27,1,1,'Would not, could not remember ever having seen such a thing as a drawing of.','Those whom she sentenced were taken into custody by the time when I got up in a sort of knot, and then said \'The fourth.\' \'Two days wrong!\' sighed the Lory, who at last it sat down in a low voice.','2018-07-29 10:18:17','2019-03-05 07:54:06','2019-01-05 18:46:41','sample-docx-1page-5cc3e37df3484.','2018-07-29 10:18:17','Very soon the Rabbit whispered in a hurry. \'No, I\'ll look first,\' she said, by way of escape, and wondering whether she could remember about ravens and writing-desks, which wasn\'t much. The Hatter.'),(175,18,NULL,3,'King. \'Nothing whatever,\' said Alice. \'And ever since that,\' the.',NULL,NULL,NULL,'2018-05-16 17:30:39','sample-docx-10pages-5cc3e37e02255.docx',NULL,NULL),(176,44,4,2,'Just as she fell very slowly, for she could not join the dance? Will you, won\'t.',NULL,'2018-07-24 13:40:55',NULL,'2018-05-21 04:37:36','sample-docx-1page-5cc3e37e05f47.','2018-07-24 13:40:55','Alice thought she had put on her spectacles, and began to feel very sleepy and stupid), whether the pleasure of making a daisy-chain would be wasting our breath.\" \"I\'ll be judge, I\'ll be jury,\" Said.'),(177,15,3,3,'Alice could.',NULL,'2018-10-06 22:01:33','2019-03-09 01:22:17','2019-02-19 10:51:00','sample-docx-10pages-5cc3e37e0a9d7.docx','2018-10-06 22:01:33','Alice\'s shoulder as she could even make out at all a proper way of nursing it, (which was to twist it up into hers--she could hear the name \'Alice!\' CHAPTER XII. Alice\'s Evidence \'Here!\' cried.'),(178,67,2,1,'Dodo, \'the best way you go,\' said the.','Alice did not seem to have no idea what a wonderful dream it had gone. \'Well! I\'ve often seen a cat without a moment\'s delay would cost them their lives. All the time he had never heard before.','2018-04-29 00:31:33','2019-02-17 14:48:36','2019-03-03 15:25:26','sample-docx-50pages-5cc3e37e0e354.docx','2018-04-29 00:31:33','Why, she\'ll eat a bat?\' when suddenly, thump! thump! down she came rather late, and the party sat silent for a little timidly, \'why you are very dull!\' \'You ought to be beheaded!\' said Alice.'),(179,10,4,1,'Conqueror, whose cause was favoured by the White Rabbit, who said in a hurry to get in?\' she.','Where CAN I have ordered\'; and she told her sister, who was beginning to get dry very soon. \'Ahem!\' said the Duchess: \'and the moral of that is--\"Be what you mean,\' said Alice. \'Did you say \"What a.','2018-10-17 16:32:24','2019-01-22 21:58:36','2018-06-22 00:07:36','sample-docx-10pages-5cc3e37e1148b.docx','2018-10-17 16:32:24','VERY nearly at the Cat\'s head began fading away the moment she appeared; but she did not at all know whether it would like the Mock Turtle, \'but if they do, why then they\'re a kind of sob, \'I\'ve.'),(180,91,1,3,'Dormouse; \'--well in.\' This answer so confused poor Alice, \'to speak to this.',NULL,'2018-07-17 21:54:27',NULL,'2018-05-03 22:28:04','sample-docx-1page-5cc3e37e146d7.','2018-07-17 21:54:27','Mock Turtle went on. \'Or would you tell me,\' said Alice, always ready to make out which were the cook, to see it written down: but I hadn\'t cried so much!\' Alas! it was very hot, she kept on good.'),(181,104,4,4,'So Bill\'s got to do,\' said the Queen, \'and take this young lady to.',NULL,'2018-08-22 06:44:45','2019-04-07 14:39:00','2019-02-16 16:41:12','sample-docx-50pages-5cc3e37e17a2d.docx','2018-08-22 06:44:45','Alice. \'I wonder what Latitude or Longitude either, but thought they were all in bed!\' On various pretexts they all quarrel so dreadfully one can\'t hear oneself speak--and they don\'t give birthday.'),(182,51,NULL,3,'Mouse replied rather impatiently: \'any shrimp could have told you butter wouldn\'t.',NULL,NULL,NULL,'2018-09-05 17:47:54','sample-docx-1000pages-5cc3e37e1a3dc.docx',NULL,NULL),(183,48,2,3,'It was opened by another.',NULL,'2018-07-21 00:38:44','2019-03-29 16:10:48','2019-04-05 03:46:06','sample-5cc3e37e1e902.docx','2018-07-21 00:38:44','Alice asked. \'We called him Tortoise because he was going to dive in among the leaves, which she had caught the baby with some severity; \'it\'s very interesting. I never knew so much surprised, that.'),(184,105,2,4,'I\'m a deal too far off to other parts of the same side of WHAT? The.','I\'ll have you got in your knocking,\' the Footman went on growing, and growing, and growing, and she drew herself up on to her that she had put on her toes when they arrived, with a teacup in one.','2018-09-22 04:15:10','2019-01-27 18:39:47','2019-02-26 05:35:02','sample-docx-1000pages-5cc3e37e22c19.docx','2018-09-22 04:15:10','Alice went on, \'you throw the--\' \'The lobsters!\' shouted the Queen. \'Their heads are gone, if it wasn\'t trouble enough hatching the eggs,\' said the King: \'leave out that she wanted to send the.'),(185,73,4,4,'I am so VERY remarkable in that; nor did.','She said the Mouse. \'--I proceed. \"Edwin and Morcar, the earls of Mercia and Northumbria, declared for him: and even Stigand, the patriotic archbishop of Canterbury, found it so yet,\' said the.','2018-07-17 04:34:08','2019-02-21 06:04:26','2018-07-18 11:03:43','sample-5cc3e37e2a44f.docx','2018-07-17 04:34:08','No, I\'ve made up my mind about it; if I\'m Mabel, I\'ll stay down here! It\'ll be no doubt that it might end, you know,\' the Hatter said, turning to Alice: he had a bone in his confusion he bit a large.'),(186,10,4,3,'HEARTHRUG.',NULL,'2018-08-29 23:13:23','2019-02-20 16:04:26','2018-12-11 12:42:58','sample-docx-50pages-5cc3e37e2eb03.docx','2018-08-29 23:13:23','Caterpillar. \'Is that the meeting adjourn, for the next thing is, to get out again. Suddenly she came rather late, and the jury consider their verdict,\' the King sharply. \'Do you know I\'m mad?\' said.'),(187,63,1,1,'Dinah, and saying to her feet, they seemed to rise like a thunderstorm. \'A fine.',NULL,'2018-06-27 13:35:01',NULL,'2018-10-18 01:44:16','sample-docx-1page-5cc3e37e34c53.','2018-06-27 13:35:01','Alice, and tried to fancy what the name \'Alice!\' CHAPTER XII. Alice\'s Evidence \'Here!\' cried Alice, jumping up in great fear lest she should chance to be talking in his note-book, cackled out.'),(188,17,3,1,'I\'ve got to the Knave. The.',NULL,'2018-10-05 21:29:22',NULL,'2018-07-13 13:57:28','sample-docx-10pages-5cc3e37e39324.docx','2018-10-05 21:29:22','I get\" is the use of a tree. By the time when she was now, and she trembled till she had plenty of time as she spoke. Alice did not seem to see it trying in a very pretty dance,\' said Alice.'),(189,77,3,1,'Which shall.',NULL,'2018-10-11 11:45:19','2019-02-09 00:58:12','2018-11-29 16:49:45','sample-5cc3e37e3d8d8.docx','2018-10-11 11:45:19','I eat\" is the capital of Paris, and Paris is the capital of Paris, and Paris is the same height as herself; and when she turned the corner, but the cook tulip-roots instead of onions.\' Seven flung.'),(190,16,1,1,'There was a most extraordinary noise.','I!\' said the Dormouse, after thinking a minute or two, it was written to nobody, which isn\'t usual, you know.\' Alice had been would have this cat removed!\' The Queen turned angrily away from her as.','2018-05-14 23:15:03','2019-04-19 15:47:25','2018-08-13 10:04:28','sample-docx-10pages-5cc3e37e43044.docx','2018-05-14 23:15:03','I think you\'d take a fancy to cats if you only walk long enough.\' Alice felt that she had put the hookah out of sight. Alice remained looking thoughtfully at the door of the window, and one foot to.'),(191,102,2,4,'IS the use of a globe of.','Hatter, \'or you\'ll be asleep again before it\'s done.\' \'Once upon a time she found that her flamingo was gone in a hoarse, feeble voice: \'I heard the Queen\'s voice in the kitchen. \'When I\'M a.','2018-07-04 16:31:24','2019-01-26 21:46:37','2018-04-30 06:40:53','sample-5cc3e37e477c0.docx','2018-07-04 16:31:24','I am, sir,\' said Alice; \'it\'s laid for a good many voices all talking at once, and ran till she was coming to, but it was perfectly round, she found herself falling down a large mustard-mine near.'),(192,70,NULL,2,'Five, who had followed him into the garden. Then she went back to them, and just.',NULL,NULL,NULL,'2018-08-03 17:19:21','sample1-5cc3e37e4b71f.doc',NULL,NULL),(193,11,2,1,'And beat him when he sneezes; For he can EVEN finish, if he had to run.',NULL,'2018-07-04 14:14:13',NULL,'2018-09-17 03:44:26','sample-docx-50pages-5cc3e37e4dc48.docx','2018-07-04 14:14:13','Alice kept her eyes immediately met those of a feather flock together.\"\' \'Only mustard isn\'t a bird,\' Alice remarked. \'Oh, you foolish Alice!\' she answered herself. \'How can you learn lessons in the.'),(194,69,NULL,4,'Good-bye, feet!\' (for when she found this a very decided tone: \'tell her something.',NULL,NULL,NULL,'2018-08-15 06:54:03','sample-docx-1000pages-5cc3e37e509ec.docx',NULL,NULL),(195,83,NULL,1,'But I\'ve got to come out among the bright flower-beds and the beak.',NULL,NULL,NULL,'2019-02-25 03:56:48','sample-docx-10pages-5cc3e37e540c5.docx',NULL,NULL),(196,71,4,2,'March Hare.',NULL,'2018-10-11 05:06:26','2019-01-03 09:37:42','2018-11-30 05:31:13','sample-docx-10pages-5cc3e37e57446.docx','2018-10-11 05:06:26','Oh dear! I shall be punished for it flashed across her mind that she remained the same tone, exactly as if he would deny it too: but the cook till his eyes were getting so used to it in a very short.'),(197,17,3,1,'March Hare, \'that \"I breathe when I got up this.','I should think very likely to eat some of the what?\' said the Duchess: \'flamingoes and mustard both bite. And the moral of that dark hall, and close to her: its face was quite surprised to find any.','2018-10-04 19:28:44','2018-12-18 13:50:10','2018-05-20 03:26:30','sample-5cc3e37e5bf26.docx','2018-10-04 19:28:44','I don\'t understand. Where did they draw?\' said Alice, a little bit, and said nothing. \'This here young lady,\' said the Cat, as soon as the Dormouse turned out, and, by the time he was gone, and the.'),(198,54,NULL,4,'Duck: \'it\'s generally a ridge or furrow in the air. Even the Duchess and the blades of.',NULL,NULL,NULL,'2019-02-03 05:50:50','sample-5cc3e37e60496.docx',NULL,NULL),(199,11,2,4,'Mock Turtle went on.','Then followed the Knave of Hearts, carrying the King\'s crown on a branch of a well?\' The Dormouse had closed its eyes by this time?\' she said this, she looked down at her side. She was close behind.','2018-10-11 23:54:25',NULL,'2019-02-25 17:59:12','sample-5cc3e37e66087.docx','2018-10-11 23:54:25','Crab took the hookah into its face to see that the meeting adjourn, for the rest of my life.\' \'You are not the right house, because the chimneys were shaped like the look of the house, and have next.'),(200,73,NULL,1,'I do,\' said Alice loudly. \'The.',NULL,NULL,NULL,'2018-10-12 08:28:46','sample-docx-1page-5cc3e37e6a90d.',NULL,NULL);
/*!40000 ALTER TABLE `contribution` ENABLE KEYS */;
UNLOCK TABLES;

--
-- Table structure for table `contribution_image`
--

DROP TABLE IF EXISTS `contribution_image`;
/*!40101 SET @saved_cs_client     = @@character_set_client */;
/*!40101 SET character_set_client = utf8 */;
CREATE TABLE `contribution_image` (
  `id` int(11) NOT NULL AUTO_INCREMENT,
  `contribution_id` int(11) NOT NULL,
  `filename` varchar(255) COLLATE utf8mb4_unicode_ci NOT NULL,
  `original_filename` varchar(255) COLLATE utf8mb4_unicode_ci NOT NULL,
  `mime_type` varchar(255) COLLATE utf8mb4_unicode_ci NOT NULL,
  PRIMARY KEY (`id`),
  KEY `IDX_A04E0FEDFE5E5FBD` (`contribution_id`),
  CONSTRAINT `FK_A04E0FEDFE5E5FBD` FOREIGN KEY (`contribution_id`) REFERENCES `contribution` (`id`)
) ENGINE=InnoDB AUTO_INCREMENT=533 DEFAULT CHARSET=utf8mb4 COLLATE=utf8mb4_unicode_ci;
/*!40101 SET character_set_client = @saved_cs_client */;

--
-- Dumping data for table `contribution_image`
--

LOCK TABLES `contribution_image` WRITE;
/*!40000 ALTER TABLE `contribution_image` DISABLE KEYS */;
INSERT INTO `contribution_image` VALUES (1,1,'sanfran-5cc3e37b4825c.jpeg','sanfran-5cc3e37b4825c.jpeg','image/png'),(2,1,'newyork-5cc3e37b4897c.jpeg','newyork-5cc3e37b4897c.jpeg','image/png'),(3,1,'paris-5cc3e37b48ec8.jpeg','paris-5cc3e37b48ec8.jpeg','image/png'),(4,2,'fjords-5cc3e37b4cb83.jpeg','fjords-5cc3e37b4cb83.jpeg','image/png'),(5,2,'sanfran-5cc3e37b4cebf.jpeg','sanfran-5cc3e37b4cebf.jpeg','image/png'),(6,2,'lights-5cc3e37b4d296.jpeg','lights-5cc3e37b4d296.jpeg','image/png'),(7,3,'paris-5cc3e37b50e58.jpeg','paris-5cc3e37b50e58.jpeg','image/png'),(8,3,'lights-5cc3e37b51125.jpeg','lights-5cc3e37b51125.jpeg','image/png'),(9,4,'sanfran-5cc3e37b545e8.jpeg','sanfran-5cc3e37b545e8.jpeg','image/png'),(10,4,'fjords-5cc3e37b54bf8.jpeg','fjords-5cc3e37b54bf8.jpeg','image/png'),(11,4,'sanfran-5cc3e37b55124.jpeg','sanfran-5cc3e37b55124.jpeg','image/png'),(12,5,'sanfran-5cc3e37b56d7a.jpeg','sanfran-5cc3e37b56d7a.jpeg','image/png'),(13,5,'fjords-5cc3e37b574cd.jpeg','fjords-5cc3e37b574cd.jpeg','image/png'),(14,5,'paris-5cc3e37b57aa1.jpeg','paris-5cc3e37b57aa1.jpeg','image/png'),(15,6,'lights-5cc3e37b5ca62.jpeg','lights-5cc3e37b5ca62.jpeg','image/png'),(16,6,'newyork-5cc3e37b5d0ec.jpeg','newyork-5cc3e37b5d0ec.jpeg','image/png'),(17,7,'paris-5cc3e37b60e85.jpeg','paris-5cc3e37b60e85.jpeg','image/png'),(18,7,'nature-5cc3e37b61425.jpeg','nature-5cc3e37b61425.jpeg','image/png'),(19,8,'newyork-5cc3e37b654d5.jpeg','newyork-5cc3e37b654d5.jpeg','image/png'),(20,9,'fjords-5cc3e37b692b0.jpeg','fjords-5cc3e37b692b0.jpeg','image/png'),(21,9,'nature-5cc3e37b697ba.jpeg','nature-5cc3e37b697ba.jpeg','image/png'),(22,9,'nature-5cc3e37b69c52.jpeg','nature-5cc3e37b69c52.jpeg','image/png'),(23,9,'paris-5cc3e37b6a379.jpeg','paris-5cc3e37b6a379.jpeg','image/png'),(24,10,'sanfran-5cc3e37b6ccde.jpeg','sanfran-5cc3e37b6ccde.jpeg','image/png'),(25,11,'nature-5cc3e37b761a3.jpeg','nature-5cc3e37b761a3.jpeg','image/png'),(26,11,'nature-5cc3e37b764c8.jpeg','nature-5cc3e37b764c8.jpeg','image/png'),(27,12,'paris-5cc3e37b7a4c2.jpeg','paris-5cc3e37b7a4c2.jpeg','image/png'),(28,12,'lights-5cc3e37b7a7fb.jpeg','lights-5cc3e37b7a7fb.jpeg','image/png'),(29,13,'sanfran-5cc3e37b7d971.jpeg','sanfran-5cc3e37b7d971.jpeg','image/png'),(30,13,'fjords-5cc3e37b7dcc4.jpeg','fjords-5cc3e37b7dcc4.jpeg','image/png'),(31,13,'fjords-5cc3e37b7e054.jpeg','fjords-5cc3e37b7e054.jpeg','image/png'),(32,14,'lights-5cc3e37b8184c.jpeg','lights-5cc3e37b8184c.jpeg','image/png'),(33,14,'sanfran-5cc3e37b81b3b.jpeg','sanfran-5cc3e37b81b3b.jpeg','image/png'),(34,14,'nature-5cc3e37b81e2c.jpeg','nature-5cc3e37b81e2c.jpeg','image/png'),(35,15,'fjords-5cc3e37b864ba.jpeg','fjords-5cc3e37b864ba.jpeg','image/png'),(36,16,'lights-5cc3e37b89945.jpeg','lights-5cc3e37b89945.jpeg','image/png'),(37,16,'lights-5cc3e37b89c1c.jpeg','lights-5cc3e37b89c1c.jpeg','image/png'),(38,17,'paris-5cc3e37b8e3ad.jpeg','paris-5cc3e37b8e3ad.jpeg','image/png'),(39,17,'paris-5cc3e37b8e6dd.jpeg','paris-5cc3e37b8e6dd.jpeg','image/png'),(40,18,'fjords-5cc3e37b91961.jpeg','fjords-5cc3e37b91961.jpeg','image/png'),(41,18,'lights-5cc3e37b91c92.jpeg','lights-5cc3e37b91c92.jpeg','image/png'),(42,19,'paris-5cc3e37b94f81.jpeg','paris-5cc3e37b94f81.jpeg','image/png'),(43,19,'sanfran-5cc3e37b953dc.jpeg','sanfran-5cc3e37b953dc.jpeg','image/png'),(44,19,'sanfran-5cc3e37b958b3.jpeg','sanfran-5cc3e37b958b3.jpeg','image/png'),(45,19,'sanfran-5cc3e37b95d77.jpeg','sanfran-5cc3e37b95d77.jpeg','image/png'),(46,19,'fjords-5cc3e37b9622f.jpeg','fjords-5cc3e37b9622f.jpeg','image/png'),(47,19,'paris-5cc3e37b966ae.jpeg','paris-5cc3e37b966ae.jpeg','image/png'),(48,20,'sanfran-5cc3e37b98bcf.jpeg','sanfran-5cc3e37b98bcf.jpeg','image/png'),(49,20,'paris-5cc3e37b99118.jpeg','paris-5cc3e37b99118.jpeg','image/png'),(50,20,'fjords-5cc3e37b997ad.jpeg','fjords-5cc3e37b997ad.jpeg','image/png'),(51,20,'paris-5cc3e37b99fd0.jpeg','paris-5cc3e37b99fd0.jpeg','image/png'),(52,20,'fjords-5cc3e37b9a530.jpeg','fjords-5cc3e37b9a530.jpeg','image/png'),(53,21,'newyork-5cc3e37b9d93d.jpeg','newyork-5cc3e37b9d93d.jpeg','image/png'),(54,22,'newyork-5cc3e37ba2162.jpeg','newyork-5cc3e37ba2162.jpeg','image/png'),(55,22,'lights-5cc3e37ba289a.jpeg','lights-5cc3e37ba289a.jpeg','image/png'),(56,23,'lights-5cc3e37ba5944.jpeg','lights-5cc3e37ba5944.jpeg','image/png'),(57,23,'newyork-5cc3e37ba5e0c.jpeg','newyork-5cc3e37ba5e0c.jpeg','image/png'),(58,24,'newyork-5cc3e37ba7a50.jpeg','newyork-5cc3e37ba7a50.jpeg','image/png'),(59,25,'sanfran-5cc3e37bad5e5.jpeg','sanfran-5cc3e37bad5e5.jpeg','image/png'),(60,25,'newyork-5cc3e37badac0.jpeg','newyork-5cc3e37badac0.jpeg','image/png'),(61,26,'newyork-5cc3e37bb1739.jpeg','newyork-5cc3e37bb1739.jpeg','image/png'),(62,26,'paris-5cc3e37bb1c67.jpeg','paris-5cc3e37bb1c67.jpeg','image/png'),(63,26,'lights-5cc3e37bb211b.jpeg','lights-5cc3e37bb211b.jpeg','image/png'),(64,26,'lights-5cc3e37bb2680.jpeg','lights-5cc3e37bb2680.jpeg','image/png'),(65,27,'paris-5cc3e37bb6f66.jpeg','paris-5cc3e37bb6f66.jpeg','image/png'),(66,27,'paris-5cc3e37bb7506.jpeg','paris-5cc3e37bb7506.jpeg','image/png'),(67,28,'paris-5cc3e37bb9a0c.jpeg','paris-5cc3e37bb9a0c.jpeg','image/png'),(68,28,'paris-5cc3e37bba261.jpeg','paris-5cc3e37bba261.jpeg','image/png'),(69,29,'lights-5cc3e37bc1483.jpeg','lights-5cc3e37bc1483.jpeg','image/png'),(70,29,'fjords-5cc3e37bc190b.jpeg','fjords-5cc3e37bc190b.jpeg','image/png'),(71,29,'nature-5cc3e37bc1f50.jpeg','nature-5cc3e37bc1f50.jpeg','image/png'),(72,30,'fjords-5cc3e37bc6196.jpeg','fjords-5cc3e37bc6196.jpeg','image/png'),(73,30,'newyork-5cc3e37bc6629.jpeg','newyork-5cc3e37bc6629.jpeg','image/png'),(74,30,'nature-5cc3e37bc6bb4.jpeg','nature-5cc3e37bc6bb4.jpeg','image/png'),(75,30,'newyork-5cc3e37bc72c8.jpeg','newyork-5cc3e37bc72c8.jpeg','image/png'),(76,30,'fjords-5cc3e37bc78eb.jpeg','fjords-5cc3e37bc78eb.jpeg','image/png'),(77,31,'fjords-5cc3e37bcd54f.jpeg','fjords-5cc3e37bcd54f.jpeg','image/png'),(78,32,'nature-5cc3e37bcfbe3.jpeg','nature-5cc3e37bcfbe3.jpeg','image/png'),(79,32,'nature-5cc3e37bd0383.jpeg','nature-5cc3e37bd0383.jpeg','image/png'),(80,32,'nature-5cc3e37bd0b5c.jpeg','nature-5cc3e37bd0b5c.jpeg','image/png'),(81,33,'paris-5cc3e37bd5073.jpeg','paris-5cc3e37bd5073.jpeg','image/png'),(82,33,'newyork-5cc3e37bd544f.jpeg','newyork-5cc3e37bd544f.jpeg','image/png'),(83,33,'nature-5cc3e37bd57f7.jpeg','nature-5cc3e37bd57f7.jpeg','image/png'),(84,34,'nature-5cc3e37bd9abe.jpeg','nature-5cc3e37bd9abe.jpeg','image/png'),(85,34,'sanfran-5cc3e37bd9dd1.jpeg','sanfran-5cc3e37bd9dd1.jpeg','image/png'),(86,34,'newyork-5cc3e37bda0f0.jpeg','newyork-5cc3e37bda0f0.jpeg','image/png'),(87,35,'newyork-5cc3e37bdedb3.jpeg','newyork-5cc3e37bdedb3.jpeg','image/png'),(88,35,'lights-5cc3e37bdf2e8.jpeg','lights-5cc3e37bdf2e8.jpeg','image/png'),(89,36,'lights-5cc3e37be19c8.jpeg','lights-5cc3e37be19c8.jpeg','image/png'),(90,36,'paris-5cc3e37be1ffc.jpeg','paris-5cc3e37be1ffc.jpeg','image/png'),(91,36,'paris-5cc3e37be25c8.jpeg','paris-5cc3e37be25c8.jpeg','image/png'),(92,36,'sanfran-5cc3e37be2d63.jpeg','sanfran-5cc3e37be2d63.jpeg','image/png'),(93,36,'nature-5cc3e37be3275.jpeg','nature-5cc3e37be3275.jpeg','image/png'),(94,37,'lights-5cc3e37be6c86.jpeg','lights-5cc3e37be6c86.jpeg','image/png'),(95,37,'lights-5cc3e37be7337.jpeg','lights-5cc3e37be7337.jpeg','image/png'),(96,38,'nature-5cc3e37beb614.jpeg','nature-5cc3e37beb614.jpeg','image/png'),(97,38,'paris-5cc3e37beba99.jpeg','paris-5cc3e37beba99.jpeg','image/png'),(98,39,'nature-5cc3e37bed740.jpeg','nature-5cc3e37bed740.jpeg','image/png'),(99,39,'paris-5cc3e37beddee.jpeg','paris-5cc3e37beddee.jpeg','image/png'),(100,40,'fjords-5cc3e37bf2891.jpeg','fjords-5cc3e37bf2891.jpeg','image/png'),(101,41,'fjords-5cc3e37c029a4.jpeg','fjords-5cc3e37c029a4.jpeg','image/png'),(102,42,'paris-5cc3e37c0843a.jpeg','paris-5cc3e37c0843a.jpeg','image/png'),(103,42,'sanfran-5cc3e37c08aa8.jpeg','sanfran-5cc3e37c08aa8.jpeg','image/png'),(104,43,'lights-5cc3e37c0fef7.jpeg','lights-5cc3e37c0fef7.jpeg','image/png'),(105,43,'newyork-5cc3e37c10492.jpeg','newyork-5cc3e37c10492.jpeg','image/png'),(106,43,'newyork-5cc3e37c10a27.jpeg','newyork-5cc3e37c10a27.jpeg','image/png'),(107,44,'sanfran-5cc3e37c17384.jpeg','sanfran-5cc3e37c17384.jpeg','image/png'),(108,45,'fjords-5cc3e37c1b53d.jpeg','fjords-5cc3e37c1b53d.jpeg','image/png'),(109,45,'fjords-5cc3e37c1bb7b.jpeg','fjords-5cc3e37c1bb7b.jpeg','image/png'),(110,45,'lights-5cc3e37c1c4de.jpeg','lights-5cc3e37c1c4de.jpeg','image/png'),(111,46,'newyork-5cc3e37c221f2.jpeg','newyork-5cc3e37c221f2.jpeg','image/png'),(112,47,'nature-5cc3e37c287fd.jpeg','nature-5cc3e37c287fd.jpeg','image/png'),(113,47,'lights-5cc3e37c28cd0.jpeg','lights-5cc3e37c28cd0.jpeg','image/png'),(114,48,'newyork-5cc3e37c2d99b.jpeg','newyork-5cc3e37c2d99b.jpeg','image/png'),(115,48,'lights-5cc3e37c2e4d8.jpeg','lights-5cc3e37c2e4d8.jpeg','image/png'),(116,49,'nature-5cc3e37c322da.jpeg','nature-5cc3e37c322da.jpeg','image/png'),(117,50,'lights-5cc3e37c3701a.jpeg','lights-5cc3e37c3701a.jpeg','image/png'),(118,50,'newyork-5cc3e37c377e0.jpeg','newyork-5cc3e37c377e0.jpeg','image/png'),(119,50,'nature-5cc3e37c37df5.jpeg','nature-5cc3e37c37df5.jpeg','image/png'),(120,50,'fjords-5cc3e37c3831c.jpeg','fjords-5cc3e37c3831c.jpeg','image/png'),(121,51,'newyork-5cc3e37c3d47b.jpeg','newyork-5cc3e37c3d47b.jpeg','image/png'),(122,51,'newyork-5cc3e37c3dc2b.jpeg','newyork-5cc3e37c3dc2b.jpeg','image/png'),(123,51,'newyork-5cc3e37c3e5c9.jpeg','newyork-5cc3e37c3e5c9.jpeg','image/png'),(124,52,'nature-5cc3e37c448e4.jpeg','nature-5cc3e37c448e4.jpeg','image/png'),(125,52,'lights-5cc3e37c44e8b.jpeg','lights-5cc3e37c44e8b.jpeg','image/png'),(126,52,'newyork-5cc3e37c451f9.jpeg','newyork-5cc3e37c451f9.jpeg','image/png'),(127,53,'fjords-5cc3e37c49edd.jpeg','fjords-5cc3e37c49edd.jpeg','image/png'),(128,53,'lights-5cc3e37c4a5a8.jpeg','lights-5cc3e37c4a5a8.jpeg','image/png'),(129,53,'newyork-5cc3e37c4af28.jpeg','newyork-5cc3e37c4af28.jpeg','image/png'),(130,53,'fjords-5cc3e37c4b465.jpeg','fjords-5cc3e37c4b465.jpeg','image/png'),(131,54,'nature-5cc3e37c4f686.jpeg','nature-5cc3e37c4f686.jpeg','image/png'),(132,54,'fjords-5cc3e37c4fb63.jpeg','fjords-5cc3e37c4fb63.jpeg','image/png'),(133,54,'newyork-5cc3e37c5000f.jpeg','newyork-5cc3e37c5000f.jpeg','image/png'),(134,54,'fjords-5cc3e37c506ef.jpeg','fjords-5cc3e37c506ef.jpeg','image/png'),(135,55,'nature-5cc3e37c52b06.jpeg','nature-5cc3e37c52b06.jpeg','image/png'),(136,55,'paris-5cc3e37c53159.jpeg','paris-5cc3e37c53159.jpeg','image/png'),(137,56,'newyork-5cc3e37c57065.jpeg','newyork-5cc3e37c57065.jpeg','image/png'),(138,57,'paris-5cc3e37c59eda.jpeg','paris-5cc3e37c59eda.jpeg','image/png'),(139,57,'paris-5cc3e37c5a2f0.jpeg','paris-5cc3e37c5a2f0.jpeg','image/png'),(140,57,'nature-5cc3e37c5a736.jpeg','nature-5cc3e37c5a736.jpeg','image/png'),(141,58,'lights-5cc3e37c5bff0.jpeg','lights-5cc3e37c5bff0.jpeg','image/png'),(142,58,'fjords-5cc3e37c5c3a0.jpeg','fjords-5cc3e37c5c3a0.jpeg','image/png'),(143,58,'lights-5cc3e37c5c948.jpeg','lights-5cc3e37c5c948.jpeg','image/png'),(144,59,'sanfran-5cc3e37c5d255.jpeg','sanfran-5cc3e37c5d255.jpeg','image/png'),(145,59,'sanfran-5cc3e37c5d683.jpeg','sanfran-5cc3e37c5d683.jpeg','image/png'),(146,60,'lights-5cc3e37c6141d.jpeg','lights-5cc3e37c6141d.jpeg','image/png'),(147,60,'paris-5cc3e37c61927.jpeg','paris-5cc3e37c61927.jpeg','image/png'),(148,61,'nature-5cc3e37c66085.jpeg','nature-5cc3e37c66085.jpeg','image/png'),(149,61,'newyork-5cc3e37c664ec.jpeg','newyork-5cc3e37c664ec.jpeg','image/png'),(150,61,'newyork-5cc3e37c66ab7.jpeg','newyork-5cc3e37c66ab7.jpeg','image/png'),(151,62,'sanfran-5cc3e37c698a7.jpeg','sanfran-5cc3e37c698a7.jpeg','image/png'),(152,62,'fjords-5cc3e37c69cac.jpeg','fjords-5cc3e37c69cac.jpeg','image/png'),(153,62,'nature-5cc3e37c6a050.jpeg','nature-5cc3e37c6a050.jpeg','image/png'),(154,63,'lights-5cc3e37c6d23e.jpeg','lights-5cc3e37c6d23e.jpeg','image/png'),(155,63,'newyork-5cc3e37c6d560.jpeg','newyork-5cc3e37c6d560.jpeg','image/png'),(156,64,'paris-5cc3e37c6f6d8.jpeg','paris-5cc3e37c6f6d8.jpeg','image/png'),(157,65,'newyork-5cc3e37c72c15.jpeg','newyork-5cc3e37c72c15.jpeg','image/png'),(158,65,'nature-5cc3e37c730b2.jpeg','nature-5cc3e37c730b2.jpeg','image/png'),(159,66,'paris-5cc3e37c73a8e.jpeg','paris-5cc3e37c73a8e.jpeg','image/png'),(160,66,'fjords-5cc3e37c73f8d.jpeg','fjords-5cc3e37c73f8d.jpeg','image/png'),(161,66,'fjords-5cc3e37c742e7.jpeg','fjords-5cc3e37c742e7.jpeg','image/png'),(162,66,'lights-5cc3e37c745cf.jpeg','lights-5cc3e37c745cf.jpeg','image/png'),(163,67,'fjords-5cc3e37c7714a.jpeg','fjords-5cc3e37c7714a.jpeg','image/png'),(164,68,'paris-5cc3e37c7aea1.jpeg','paris-5cc3e37c7aea1.jpeg','image/png'),(165,68,'nature-5cc3e37c7b3cf.jpeg','nature-5cc3e37c7b3cf.jpeg','image/png'),(166,68,'sanfran-5cc3e37c7b8b5.jpeg','sanfran-5cc3e37c7b8b5.jpeg','image/png'),(167,68,'newyork-5cc3e37c7bdf7.jpeg','newyork-5cc3e37c7bdf7.jpeg','image/png'),(168,69,'newyork-5cc3e37c7fb66.jpeg','newyork-5cc3e37c7fb66.jpeg','image/png'),(169,69,'sanfran-5cc3e37c7ff40.jpeg','sanfran-5cc3e37c7ff40.jpeg','image/png'),(170,70,'newyork-5cc3e37c8219a.jpeg','newyork-5cc3e37c8219a.jpeg','image/png'),(171,70,'fjords-5cc3e37c8286b.jpeg','fjords-5cc3e37c8286b.jpeg','image/png'),(172,70,'lights-5cc3e37c82e95.jpeg','lights-5cc3e37c82e95.jpeg','image/png'),(173,70,'paris-5cc3e37c83397.jpeg','paris-5cc3e37c83397.jpeg','image/png'),(174,71,'sanfran-5cc3e37c87c19.jpeg','sanfran-5cc3e37c87c19.jpeg','image/png'),(175,71,'lights-5cc3e37c87fe8.jpeg','lights-5cc3e37c87fe8.jpeg','image/png'),(176,71,'lights-5cc3e37c8843a.jpeg','lights-5cc3e37c8843a.jpeg','image/png'),(177,72,'nature-5cc3e37c8ce88.jpeg','nature-5cc3e37c8ce88.jpeg','image/png'),(178,72,'newyork-5cc3e37c8d265.jpeg','newyork-5cc3e37c8d265.jpeg','image/png'),(179,72,'fjords-5cc3e37c8d768.jpeg','fjords-5cc3e37c8d768.jpeg','image/png'),(180,73,'lights-5cc3e37c91b62.jpeg','lights-5cc3e37c91b62.jpeg','image/png'),(181,73,'nature-5cc3e37c91e8d.jpeg','nature-5cc3e37c91e8d.jpeg','image/png'),(182,74,'fjords-5cc3e37c9589a.jpeg','fjords-5cc3e37c9589a.jpeg','image/png'),(183,74,'nature-5cc3e37c95ef0.jpeg','nature-5cc3e37c95ef0.jpeg','image/png'),(184,75,'lights-5cc3e37c9809d.jpeg','lights-5cc3e37c9809d.jpeg','image/png'),(185,76,'paris-5cc3e37c99b75.jpeg','paris-5cc3e37c99b75.jpeg','image/png'),(186,76,'newyork-5cc3e37c99ebe.jpeg','newyork-5cc3e37c99ebe.jpeg','image/png'),(187,76,'sanfran-5cc3e37c9a208.jpeg','sanfran-5cc3e37c9a208.jpeg','image/png'),(188,76,'nature-5cc3e37c9a6da.jpeg','nature-5cc3e37c9a6da.jpeg','image/png'),(189,77,'nature-5cc3e37c9b0f5.jpeg','nature-5cc3e37c9b0f5.jpeg','image/png'),(190,77,'lights-5cc3e37c9b69b.jpeg','lights-5cc3e37c9b69b.jpeg','image/png'),(191,78,'lights-5cc3e37c9d72b.jpeg','lights-5cc3e37c9d72b.jpeg','image/png'),(192,79,'paris-5cc3e37c9ea4f.jpeg','paris-5cc3e37c9ea4f.jpeg','image/png'),(193,79,'newyork-5cc3e37c9efaa.jpeg','newyork-5cc3e37c9efaa.jpeg','image/png'),(194,79,'nature-5cc3e37c9f30b.jpeg','nature-5cc3e37c9f30b.jpeg','image/png'),(195,80,'newyork-5cc3e37ca0e9d.jpeg','newyork-5cc3e37ca0e9d.jpeg','image/png'),(196,80,'sanfran-5cc3e37ca1207.jpeg','sanfran-5cc3e37ca1207.jpeg','image/png'),(197,81,'fjords-5cc3e37ca31ba.jpeg','fjords-5cc3e37ca31ba.jpeg','image/png'),(198,81,'lights-5cc3e37ca3515.jpeg','lights-5cc3e37ca3515.jpeg','image/png'),(199,82,'nature-5cc3e37ca4b43.jpeg','nature-5cc3e37ca4b43.jpeg','image/png'),(200,82,'lights-5cc3e37ca5135.jpeg','lights-5cc3e37ca5135.jpeg','image/png'),(201,83,'newyork-5cc3e37caa274.jpeg','newyork-5cc3e37caa274.jpeg','image/png'),(202,84,'sanfran-5cc3e37cacb8c.jpeg','sanfran-5cc3e37cacb8c.jpeg','image/png'),(203,84,'lights-5cc3e37cad1f0.jpeg','lights-5cc3e37cad1f0.jpeg','image/png'),(204,85,'sanfran-5cc3e37cb1512.jpeg','sanfran-5cc3e37cb1512.jpeg','image/png'),(205,85,'fjords-5cc3e37cb1da6.jpeg','fjords-5cc3e37cb1da6.jpeg','image/png'),(206,85,'nature-5cc3e37cb2200.jpeg','nature-5cc3e37cb2200.jpeg','image/png'),(207,86,'fjords-5cc3e37cb7130.jpeg','fjords-5cc3e37cb7130.jpeg','image/png'),(208,86,'nature-5cc3e37cb7537.jpeg','nature-5cc3e37cb7537.jpeg','image/png'),(209,86,'fjords-5cc3e37cb7a25.jpeg','fjords-5cc3e37cb7a25.jpeg','image/png'),(210,86,'newyork-5cc3e37cb7dca.jpeg','newyork-5cc3e37cb7dca.jpeg','image/png'),(211,87,'sanfran-5cc3e37cbb101.jpeg','sanfran-5cc3e37cbb101.jpeg','image/png'),(212,87,'lights-5cc3e37cbb42f.jpeg','lights-5cc3e37cbb42f.jpeg','image/png'),(213,87,'fjords-5cc3e37cbb767.jpeg','fjords-5cc3e37cbb767.jpeg','image/png'),(214,87,'newyork-5cc3e37cbbeda.jpeg','newyork-5cc3e37cbbeda.jpeg','image/png'),(215,87,'fjords-5cc3e37cbc412.jpeg','fjords-5cc3e37cbc412.jpeg','image/png'),(216,88,'lights-5cc3e37cbe7fa.jpeg','lights-5cc3e37cbe7fa.jpeg','image/png'),(217,88,'newyork-5cc3e37cbedad.jpeg','newyork-5cc3e37cbedad.jpeg','image/png'),(218,88,'sanfran-5cc3e37cbf0c3.jpeg','sanfran-5cc3e37cbf0c3.jpeg','image/png'),(219,89,'lights-5cc3e37cc20e6.jpeg','lights-5cc3e37cc20e6.jpeg','image/png'),(220,89,'sanfran-5cc3e37cc2451.jpeg','sanfran-5cc3e37cc2451.jpeg','image/png'),(221,89,'paris-5cc3e37cc28a8.jpeg','paris-5cc3e37cc28a8.jpeg','image/png'),(222,90,'newyork-5cc3e37cc5ce7.jpeg','newyork-5cc3e37cc5ce7.jpeg','image/png'),(223,90,'paris-5cc3e37cc6542.jpeg','paris-5cc3e37cc6542.jpeg','image/png'),(224,91,'paris-5cc3e37cc82ab.jpeg','paris-5cc3e37cc82ab.jpeg','image/png'),(225,91,'paris-5cc3e37cc89a0.jpeg','paris-5cc3e37cc89a0.jpeg','image/png'),(226,91,'sanfran-5cc3e37cc9222.jpeg','sanfran-5cc3e37cc9222.jpeg','image/png'),(227,92,'fjords-5cc3e37ccbebe.jpeg','fjords-5cc3e37ccbebe.jpeg','image/png'),(228,92,'newyork-5cc3e37ccc395.jpeg','newyork-5cc3e37ccc395.jpeg','image/png'),(229,92,'sanfran-5cc3e37ccc9a1.jpeg','sanfran-5cc3e37ccc9a1.jpeg','image/png'),(230,93,'sanfran-5cc3e37cd0082.jpeg','sanfran-5cc3e37cd0082.jpeg','image/png'),(231,93,'sanfran-5cc3e37cd04a8.jpeg','sanfran-5cc3e37cd04a8.jpeg','image/png'),(232,93,'fjords-5cc3e37cd098e.jpeg','fjords-5cc3e37cd098e.jpeg','image/png'),(233,94,'newyork-5cc3e37cd387a.jpeg','newyork-5cc3e37cd387a.jpeg','image/png'),(234,94,'sanfran-5cc3e37cd3b73.jpeg','sanfran-5cc3e37cd3b73.jpeg','image/png'),(235,94,'newyork-5cc3e37cd41be.jpeg','newyork-5cc3e37cd41be.jpeg','image/png'),(236,95,'paris-5cc3e37cd8644.jpeg','paris-5cc3e37cd8644.jpeg','image/png'),(237,95,'lights-5cc3e37cd8a85.jpeg','lights-5cc3e37cd8a85.jpeg','image/png'),(238,95,'lights-5cc3e37cd8e5a.jpeg','lights-5cc3e37cd8e5a.jpeg','image/png'),(239,96,'newyork-5cc3e37cdbb4b.jpeg','newyork-5cc3e37cdbb4b.jpeg','image/png'),(240,96,'fjords-5cc3e37cdbfc4.jpeg','fjords-5cc3e37cdbfc4.jpeg','image/png'),(241,97,'nature-5cc3e37cdf496.jpeg','nature-5cc3e37cdf496.jpeg','image/png'),(242,97,'lights-5cc3e37cdf93a.jpeg','lights-5cc3e37cdf93a.jpeg','image/png'),(243,97,'newyork-5cc3e37cdfc97.jpeg','newyork-5cc3e37cdfc97.jpeg','image/png'),(244,98,'nature-5cc3e37ce30a6.jpeg','nature-5cc3e37ce30a6.jpeg','image/png'),(245,98,'newyork-5cc3e37ce34f4.jpeg','newyork-5cc3e37ce34f4.jpeg','image/png'),(246,98,'newyork-5cc3e37ce3966.jpeg','newyork-5cc3e37ce3966.jpeg','image/png'),(247,99,'paris-5cc3e37ce616c.jpeg','paris-5cc3e37ce616c.jpeg','image/png'),(248,99,'paris-5cc3e37ce645b.jpeg','paris-5cc3e37ce645b.jpeg','image/png'),(249,100,'fjords-5cc3e37ce7da0.jpeg','fjords-5cc3e37ce7da0.jpeg','image/png'),(250,100,'nature-5cc3e37ce82a3.jpeg','nature-5cc3e37ce82a3.jpeg','image/png'),(251,101,'lights-5cc3e37ceb991.jpeg','lights-5cc3e37ceb991.jpeg','image/png'),(252,101,'fjords-5cc3e37cebcd7.jpeg','fjords-5cc3e37cebcd7.jpeg','image/png'),(253,102,'paris-5cc3e37cefa26.jpeg','paris-5cc3e37cefa26.jpeg','image/png'),(254,103,'newyork-5cc3e37d01c4a.jpeg','newyork-5cc3e37d01c4a.jpeg','image/png'),(255,103,'paris-5cc3e37d01f9d.jpeg','paris-5cc3e37d01f9d.jpeg','image/png'),(256,104,'nature-5cc3e37d0608e.jpeg','nature-5cc3e37d0608e.jpeg','image/png'),(257,104,'newyork-5cc3e37d063e9.jpeg','newyork-5cc3e37d063e9.jpeg','image/png'),(258,105,'lights-5cc3e37d09a70.jpeg','lights-5cc3e37d09a70.jpeg','image/png'),(259,105,'sanfran-5cc3e37d09e38.jpeg','sanfran-5cc3e37d09e38.jpeg','image/png'),(260,105,'fjords-5cc3e37d0a15c.jpeg','fjords-5cc3e37d0a15c.jpeg','image/png'),(261,105,'nature-5cc3e37d0a64a.jpeg','nature-5cc3e37d0a64a.jpeg','image/png'),(262,106,'fjords-5cc3e37d0dbb9.jpeg','fjords-5cc3e37d0dbb9.jpeg','image/png'),(263,106,'paris-5cc3e37d0df70.jpeg','paris-5cc3e37d0df70.jpeg','image/png'),(264,107,'newyork-5cc3e37d11976.jpeg','newyork-5cc3e37d11976.jpeg','image/png'),(265,108,'nature-5cc3e37d146ee.jpeg','nature-5cc3e37d146ee.jpeg','image/png'),(266,108,'newyork-5cc3e37d14b47.jpeg','newyork-5cc3e37d14b47.jpeg','image/png'),(267,109,'sanfran-5cc3e37d1ad39.jpeg','sanfran-5cc3e37d1ad39.jpeg','image/png'),(268,109,'fjords-5cc3e37d1b072.jpeg','fjords-5cc3e37d1b072.jpeg','image/png'),(269,110,'lights-5cc3e37d1d5d9.jpeg','lights-5cc3e37d1d5d9.jpeg','image/png'),(270,111,'nature-5cc3e37d20bd9.jpeg','nature-5cc3e37d20bd9.jpeg','image/png'),(271,111,'lights-5cc3e37d21078.jpeg','lights-5cc3e37d21078.jpeg','image/png'),(272,112,'nature-5cc3e37d27f8d.jpeg','nature-5cc3e37d27f8d.jpeg','image/png'),(273,112,'paris-5cc3e37d288e8.jpeg','paris-5cc3e37d288e8.jpeg','image/png'),(274,112,'fjords-5cc3e37d28ec4.jpeg','fjords-5cc3e37d28ec4.jpeg','image/png'),(275,113,'paris-5cc3e37d2bd9a.jpeg','paris-5cc3e37d2bd9a.jpeg','image/png'),(276,113,'fjords-5cc3e37d2c126.jpeg','fjords-5cc3e37d2c126.jpeg','image/png'),(277,113,'nature-5cc3e37d2c46f.jpeg','nature-5cc3e37d2c46f.jpeg','image/png'),(278,114,'sanfran-5cc3e37d2f1aa.jpeg','sanfran-5cc3e37d2f1aa.jpeg','image/png'),(279,114,'sanfran-5cc3e37d2f5c6.jpeg','sanfran-5cc3e37d2f5c6.jpeg','image/png'),(280,115,'newyork-5cc3e37d3305c.jpeg','newyork-5cc3e37d3305c.jpeg','image/png'),(281,115,'sanfran-5cc3e37d33386.jpeg','sanfran-5cc3e37d33386.jpeg','image/png'),(282,116,'lights-5cc3e37d351a5.jpeg','lights-5cc3e37d351a5.jpeg','image/png'),(283,116,'lights-5cc3e37d3585b.jpeg','lights-5cc3e37d3585b.jpeg','image/png'),(284,116,'fjords-5cc3e37d35f27.jpeg','fjords-5cc3e37d35f27.jpeg','image/png'),(285,116,'lights-5cc3e37d367fb.jpeg','lights-5cc3e37d367fb.jpeg','image/png'),(286,116,'paris-5cc3e37d36e3d.jpeg','paris-5cc3e37d36e3d.jpeg','image/png'),(287,117,'paris-5cc3e37d39cc4.jpeg','paris-5cc3e37d39cc4.jpeg','image/png'),(288,117,'newyork-5cc3e37d3a1ab.jpeg','newyork-5cc3e37d3a1ab.jpeg','image/png'),(289,118,'paris-5cc3e37d3d2a2.jpeg','paris-5cc3e37d3d2a2.jpeg','image/png'),(290,118,'nature-5cc3e37d3d5ff.jpeg','nature-5cc3e37d3d5ff.jpeg','image/png'),(291,118,'lights-5cc3e37d3d984.jpeg','lights-5cc3e37d3d984.jpeg','image/png'),(292,119,'newyork-5cc3e37d411a6.jpeg','newyork-5cc3e37d411a6.jpeg','image/png'),(293,120,'nature-5cc3e37d42c4d.jpeg','nature-5cc3e37d42c4d.jpeg','image/png'),(294,120,'nature-5cc3e37d432a7.jpeg','nature-5cc3e37d432a7.jpeg','image/png'),(295,120,'lights-5cc3e37d43848.jpeg','lights-5cc3e37d43848.jpeg','image/png'),(296,120,'nature-5cc3e37d4401d.jpeg','nature-5cc3e37d4401d.jpeg','image/png'),(297,121,'paris-5cc3e37d467fa.jpeg','paris-5cc3e37d467fa.jpeg','image/png'),(298,121,'paris-5cc3e37d46e48.jpeg','paris-5cc3e37d46e48.jpeg','image/png'),(299,121,'nature-5cc3e37d47364.jpeg','nature-5cc3e37d47364.jpeg','image/png'),(300,122,'nature-5cc3e37d48b8e.jpeg','nature-5cc3e37d48b8e.jpeg','image/png'),(301,122,'newyork-5cc3e37d491a4.jpeg','newyork-5cc3e37d491a4.jpeg','image/png'),(302,122,'newyork-5cc3e37d49801.jpeg','newyork-5cc3e37d49801.jpeg','image/png'),(303,123,'sanfran-5cc3e37d4c49e.jpeg','sanfran-5cc3e37d4c49e.jpeg','image/png'),(304,123,'paris-5cc3e37d4c85f.jpeg','paris-5cc3e37d4c85f.jpeg','image/png'),(305,123,'fjords-5cc3e37d4cbb4.jpeg','fjords-5cc3e37d4cbb4.jpeg','image/png'),(306,123,'lights-5cc3e37d4d110.jpeg','lights-5cc3e37d4d110.jpeg','image/png'),(307,124,'sanfran-5cc3e37d502e5.jpeg','sanfran-5cc3e37d502e5.jpeg','image/png'),(308,124,'lights-5cc3e37d50606.jpeg','lights-5cc3e37d50606.jpeg','image/png'),(309,124,'lights-5cc3e37d50a9d.jpeg','lights-5cc3e37d50a9d.jpeg','image/png'),(310,124,'lights-5cc3e37d50fc4.jpeg','lights-5cc3e37d50fc4.jpeg','image/png'),(311,125,'nature-5cc3e37d54359.jpeg','nature-5cc3e37d54359.jpeg','image/png'),(312,125,'newyork-5cc3e37d546d8.jpeg','newyork-5cc3e37d546d8.jpeg','image/png'),(313,125,'paris-5cc3e37d54a77.jpeg','paris-5cc3e37d54a77.jpeg','image/png'),(314,125,'newyork-5cc3e37d54f65.jpeg','newyork-5cc3e37d54f65.jpeg','image/png'),(315,126,'lights-5cc3e37d57bad.jpeg','lights-5cc3e37d57bad.jpeg','image/png'),(316,126,'fjords-5cc3e37d57f20.jpeg','fjords-5cc3e37d57f20.jpeg','image/png'),(317,126,'nature-5cc3e37d58251.jpeg','nature-5cc3e37d58251.jpeg','image/png'),(318,126,'paris-5cc3e37d58694.jpeg','paris-5cc3e37d58694.jpeg','image/png'),(319,127,'lights-5cc3e37d5d16c.jpeg','lights-5cc3e37d5d16c.jpeg','image/png'),(320,127,'paris-5cc3e37d5d62e.jpeg','paris-5cc3e37d5d62e.jpeg','image/png'),(321,127,'paris-5cc3e37d5da28.jpeg','paris-5cc3e37d5da28.jpeg','image/png'),(322,128,'fjords-5cc3e37d5f3cc.jpeg','fjords-5cc3e37d5f3cc.jpeg','image/png'),(323,128,'sanfran-5cc3e37d5f886.jpeg','sanfran-5cc3e37d5f886.jpeg','image/png'),(324,129,'paris-5cc3e37d61aa8.jpeg','paris-5cc3e37d61aa8.jpeg','image/png'),(325,130,'sanfran-5cc3e37d65740.jpeg','sanfran-5cc3e37d65740.jpeg','image/png'),(326,130,'lights-5cc3e37d65b30.jpeg','lights-5cc3e37d65b30.jpeg','image/png'),(327,130,'nature-5cc3e37d660f8.jpeg','nature-5cc3e37d660f8.jpeg','image/png'),(328,130,'paris-5cc3e37d664bc.jpeg','paris-5cc3e37d664bc.jpeg','image/png'),(329,131,'sanfran-5cc3e37d69421.jpeg','sanfran-5cc3e37d69421.jpeg','image/png'),(330,131,'paris-5cc3e37d69898.jpeg','paris-5cc3e37d69898.jpeg','image/png'),(331,131,'sanfran-5cc3e37d69ce2.jpeg','sanfran-5cc3e37d69ce2.jpeg','image/png'),(332,132,'newyork-5cc3e37d6d028.jpeg','newyork-5cc3e37d6d028.jpeg','image/png'),(333,133,'paris-5cc3e37d70325.jpeg','paris-5cc3e37d70325.jpeg','image/png'),(334,133,'lights-5cc3e37d70618.jpeg','lights-5cc3e37d70618.jpeg','image/png'),(335,133,'nature-5cc3e37d70a41.jpeg','nature-5cc3e37d70a41.jpeg','image/png'),(336,134,'lights-5cc3e37d74595.jpeg','lights-5cc3e37d74595.jpeg','image/png'),(337,134,'paris-5cc3e37d74890.jpeg','paris-5cc3e37d74890.jpeg','image/png'),(338,134,'paris-5cc3e37d74bd1.jpeg','paris-5cc3e37d74bd1.jpeg','image/png'),(339,134,'paris-5cc3e37d75159.jpeg','paris-5cc3e37d75159.jpeg','image/png'),(340,134,'nature-5cc3e37d75600.jpeg','nature-5cc3e37d75600.jpeg','image/png'),(341,135,'lights-5cc3e37d79d4d.jpeg','lights-5cc3e37d79d4d.jpeg','image/png'),(342,135,'newyork-5cc3e37d7a0dd.jpeg','newyork-5cc3e37d7a0dd.jpeg','image/png'),(343,136,'fjords-5cc3e37d7bb4f.jpeg','fjords-5cc3e37d7bb4f.jpeg','image/png'),(344,136,'paris-5cc3e37d7c2a8.jpeg','paris-5cc3e37d7c2a8.jpeg','image/png'),(345,136,'sanfran-5cc3e37d7c5e0.jpeg','sanfran-5cc3e37d7c5e0.jpeg','image/png'),(346,137,'lights-5cc3e37d81011.jpeg','lights-5cc3e37d81011.jpeg','image/png'),(347,138,'sanfran-5cc3e37d85fa4.jpeg','sanfran-5cc3e37d85fa4.jpeg','image/png'),(348,138,'paris-5cc3e37d862e3.jpeg','paris-5cc3e37d862e3.jpeg','image/png'),(349,138,'fjords-5cc3e37d8665f.jpeg','fjords-5cc3e37d8665f.jpeg','image/png'),(350,139,'lights-5cc3e37d88974.jpeg','lights-5cc3e37d88974.jpeg','image/png'),(351,139,'lights-5cc3e37d88d72.jpeg','lights-5cc3e37d88d72.jpeg','image/png'),(352,139,'lights-5cc3e37d8917a.jpeg','lights-5cc3e37d8917a.jpeg','image/png'),(353,140,'fjords-5cc3e37d8bd7a.jpeg','fjords-5cc3e37d8bd7a.jpeg','image/png'),(354,140,'lights-5cc3e37d8c17e.jpeg','lights-5cc3e37d8c17e.jpeg','image/png'),(355,141,'nature-5cc3e37d8e96f.jpeg','nature-5cc3e37d8e96f.jpeg','image/png'),(356,142,'nature-5cc3e37d93255.jpeg','nature-5cc3e37d93255.jpeg','image/png'),(357,142,'paris-5cc3e37d937dc.jpeg','paris-5cc3e37d937dc.jpeg','image/png'),(358,142,'sanfran-5cc3e37d93eec.jpeg','sanfran-5cc3e37d93eec.jpeg','image/png'),(359,142,'sanfran-5cc3e37d9422b.jpeg','sanfran-5cc3e37d9422b.jpeg','image/png'),(360,142,'lights-5cc3e37d94522.jpeg','lights-5cc3e37d94522.jpeg','image/png'),(361,143,'sanfran-5cc3e37d97ea9.jpeg','sanfran-5cc3e37d97ea9.jpeg','image/png'),(362,144,'newyork-5cc3e37d9ab26.jpeg','newyork-5cc3e37d9ab26.jpeg','image/png'),(363,144,'lights-5cc3e37d9ae2d.jpeg','lights-5cc3e37d9ae2d.jpeg','image/png'),(364,144,'fjords-5cc3e37d9b178.jpeg','fjords-5cc3e37d9b178.jpeg','image/png'),(365,145,'lights-5cc3e37d9ddeb.jpeg','lights-5cc3e37d9ddeb.jpeg','image/png'),(366,145,'paris-5cc3e37d9e191.jpeg','paris-5cc3e37d9e191.jpeg','image/png'),(367,145,'newyork-5cc3e37d9e64d.jpeg','newyork-5cc3e37d9e64d.jpeg','image/png'),(368,146,'fjords-5cc3e37da1034.jpeg','fjords-5cc3e37da1034.jpeg','image/png'),(369,146,'sanfran-5cc3e37da131c.jpeg','sanfran-5cc3e37da131c.jpeg','image/png'),(370,146,'lights-5cc3e37da1685.jpeg','lights-5cc3e37da1685.jpeg','image/png'),(371,146,'fjords-5cc3e37da1c13.jpeg','fjords-5cc3e37da1c13.jpeg','image/png'),(372,146,'newyork-5cc3e37da1f9e.jpeg','newyork-5cc3e37da1f9e.jpeg','image/png'),(373,147,'sanfran-5cc3e37da4b14.jpeg','sanfran-5cc3e37da4b14.jpeg','image/png'),(374,147,'nature-5cc3e37da4f19.jpeg','nature-5cc3e37da4f19.jpeg','image/png'),(375,147,'paris-5cc3e37da5251.jpeg','paris-5cc3e37da5251.jpeg','image/png'),(376,147,'paris-5cc3e37da5666.jpeg','paris-5cc3e37da5666.jpeg','image/png'),(377,148,'fjords-5cc3e37da7640.jpeg','fjords-5cc3e37da7640.jpeg','image/png'),(378,148,'nature-5cc3e37da7b44.jpeg','nature-5cc3e37da7b44.jpeg','image/png'),(379,149,'fjords-5cc3e37da98e2.jpeg','fjords-5cc3e37da98e2.jpeg','image/png'),(380,150,'lights-5cc3e37dac3be.jpeg','lights-5cc3e37dac3be.jpeg','image/png'),(381,150,'paris-5cc3e37dac885.jpeg','paris-5cc3e37dac885.jpeg','image/png'),(382,150,'lights-5cc3e37daccd2.jpeg','lights-5cc3e37daccd2.jpeg','image/png'),(383,150,'nature-5cc3e37dad1f0.jpeg','nature-5cc3e37dad1f0.jpeg','image/png'),(384,151,'paris-5cc3e37db0e9c.jpeg','paris-5cc3e37db0e9c.jpeg','image/png'),(385,151,'sanfran-5cc3e37db1527.jpeg','sanfran-5cc3e37db1527.jpeg','image/png'),(386,152,'lights-5cc3e37db297e.jpeg','lights-5cc3e37db297e.jpeg','image/png'),(387,152,'fjords-5cc3e37db2f45.jpeg','fjords-5cc3e37db2f45.jpeg','image/png'),(388,152,'nature-5cc3e37db3376.jpeg','nature-5cc3e37db3376.jpeg','image/png'),(389,153,'lights-5cc3e37db69f0.jpeg','lights-5cc3e37db69f0.jpeg','image/png'),(390,153,'nature-5cc3e37db706a.jpeg','nature-5cc3e37db706a.jpeg','image/png'),(391,153,'newyork-5cc3e37db740b.jpeg','newyork-5cc3e37db740b.jpeg','image/png'),(392,154,'newyork-5cc3e37dba9e5.jpeg','newyork-5cc3e37dba9e5.jpeg','image/png'),(393,155,'fjords-5cc3e37dbd3b0.jpeg','fjords-5cc3e37dbd3b0.jpeg','image/png'),(394,156,'paris-5cc3e37dbf3c5.jpeg','paris-5cc3e37dbf3c5.jpeg','image/png'),(395,156,'fjords-5cc3e37dbf71b.jpeg','fjords-5cc3e37dbf71b.jpeg','image/png'),(396,157,'sanfran-5cc3e37dc2f76.jpeg','sanfran-5cc3e37dc2f76.jpeg','image/png'),(397,157,'lights-5cc3e37dc32a5.jpeg','lights-5cc3e37dc32a5.jpeg','image/png'),(398,157,'fjords-5cc3e37dc3592.jpeg','fjords-5cc3e37dc3592.jpeg','image/png'),(399,158,'paris-5cc3e37dc41e6.jpeg','paris-5cc3e37dc41e6.jpeg','image/png'),(400,158,'lights-5cc3e37dc4591.jpeg','lights-5cc3e37dc4591.jpeg','image/png'),(401,158,'sanfran-5cc3e37dc495d.jpeg','sanfran-5cc3e37dc495d.jpeg','image/png'),(402,158,'newyork-5cc3e37dc4e5d.jpeg','newyork-5cc3e37dc4e5d.jpeg','image/png'),(403,158,'nature-5cc3e37dc51d5.jpeg','nature-5cc3e37dc51d5.jpeg','image/png'),(404,159,'paris-5cc3e37dc933b.jpeg','paris-5cc3e37dc933b.jpeg','image/png'),(405,159,'nature-5cc3e37dc968d.jpeg','nature-5cc3e37dc968d.jpeg','image/png'),(406,160,'nature-5cc3e37dcb08f.jpeg','nature-5cc3e37dcb08f.jpeg','image/png'),(407,160,'newyork-5cc3e37dcb682.jpeg','newyork-5cc3e37dcb682.jpeg','image/png'),(408,160,'fjords-5cc3e37dcbd2b.jpeg','fjords-5cc3e37dcbd2b.jpeg','image/png'),(409,160,'sanfran-5cc3e37dcc16d.jpeg','sanfran-5cc3e37dcc16d.jpeg','image/png'),(410,160,'fjords-5cc3e37dcc5eb.jpeg','fjords-5cc3e37dcc5eb.jpeg','image/png'),(411,161,'fjords-5cc3e37dcd37d.jpeg','fjords-5cc3e37dcd37d.jpeg','image/png'),(412,161,'lights-5cc3e37dcd8e8.jpeg','lights-5cc3e37dcd8e8.jpeg','image/png'),(413,162,'newyork-5cc3e37dd2058.jpeg','newyork-5cc3e37dd2058.jpeg','image/png'),(414,162,'paris-5cc3e37dd23aa.jpeg','paris-5cc3e37dd23aa.jpeg','image/png'),(415,162,'sanfran-5cc3e37dd27be.jpeg','sanfran-5cc3e37dd27be.jpeg','image/png'),(416,163,'newyork-5cc3e37dd4a7a.jpeg','newyork-5cc3e37dd4a7a.jpeg','image/png'),(417,163,'lights-5cc3e37dd4f00.jpeg','lights-5cc3e37dd4f00.jpeg','image/png'),(418,163,'sanfran-5cc3e37dd5460.jpeg','sanfran-5cc3e37dd5460.jpeg','image/png'),(419,163,'newyork-5cc3e37dd57e7.jpeg','newyork-5cc3e37dd57e7.jpeg','image/png'),(420,163,'nature-5cc3e37dd5c86.jpeg','nature-5cc3e37dd5c86.jpeg','image/png'),(421,164,'paris-5cc3e37dd9186.jpeg','paris-5cc3e37dd9186.jpeg','image/png'),(422,164,'nature-5cc3e37dd94c7.jpeg','nature-5cc3e37dd94c7.jpeg','image/png'),(423,165,'paris-5cc3e37ddaa42.jpeg','paris-5cc3e37ddaa42.jpeg','image/png'),(424,165,'sanfran-5cc3e37ddad72.jpeg','sanfran-5cc3e37ddad72.jpeg','image/png'),(425,165,'lights-5cc3e37ddb0c8.jpeg','lights-5cc3e37ddb0c8.jpeg','image/png'),(426,165,'nature-5cc3e37ddb7ce.jpeg','nature-5cc3e37ddb7ce.jpeg','image/png'),(427,166,'newyork-5cc3e37ddd164.jpeg','newyork-5cc3e37ddd164.jpeg','image/png'),(428,166,'lights-5cc3e37ddd8cb.jpeg','lights-5cc3e37ddd8cb.jpeg','image/png'),(429,167,'paris-5cc3e37de08c8.jpeg','paris-5cc3e37de08c8.jpeg','image/png'),(430,168,'paris-5cc3e37de3404.jpeg','paris-5cc3e37de3404.jpeg','image/png'),(431,168,'paris-5cc3e37de3938.jpeg','paris-5cc3e37de3938.jpeg','image/png'),(432,168,'lights-5cc3e37de3d24.jpeg','lights-5cc3e37de3d24.jpeg','image/png'),(433,169,'fjords-5cc3e37de5cc6.jpeg','fjords-5cc3e37de5cc6.jpeg','image/png'),(434,169,'paris-5cc3e37de61c5.jpeg','paris-5cc3e37de61c5.jpeg','image/png'),(435,170,'newyork-5cc3e37de80c1.jpeg','newyork-5cc3e37de80c1.jpeg','image/png'),(436,170,'nature-5cc3e37de8587.jpeg','nature-5cc3e37de8587.jpeg','image/png'),(437,170,'fjords-5cc3e37de89c2.jpeg','fjords-5cc3e37de89c2.jpeg','image/png'),(438,171,'nature-5cc3e37debd03.jpeg','nature-5cc3e37debd03.jpeg','image/png'),(439,171,'nature-5cc3e37dec089.jpeg','nature-5cc3e37dec089.jpeg','image/png'),(440,171,'lights-5cc3e37dec375.jpeg','lights-5cc3e37dec375.jpeg','image/png'),(441,172,'fjords-5cc3e37ded9b6.jpeg','fjords-5cc3e37ded9b6.jpeg','image/png'),(442,172,'nature-5cc3e37dedcdc.jpeg','nature-5cc3e37dedcdc.jpeg','image/png'),(443,172,'lights-5cc3e37dee021.jpeg','lights-5cc3e37dee021.jpeg','image/png'),(444,172,'paris-5cc3e37dee505.jpeg','paris-5cc3e37dee505.jpeg','image/png'),(445,173,'fjords-5cc3e37df0cc0.jpeg','fjords-5cc3e37df0cc0.jpeg','image/png'),(446,173,'lights-5cc3e37df120d.jpeg','lights-5cc3e37df120d.jpeg','image/png'),(447,173,'paris-5cc3e37df1731.jpeg','paris-5cc3e37df1731.jpeg','image/png'),(448,174,'lights-5cc3e37e008ac.jpeg','lights-5cc3e37e008ac.jpeg','image/png'),(449,174,'paris-5cc3e37e00c2a.jpeg','paris-5cc3e37e00c2a.jpeg','image/png'),(450,174,'lights-5cc3e37e01013.jpeg','lights-5cc3e37e01013.jpeg','image/png'),(451,175,'nature-5cc3e37e034fd.jpeg','nature-5cc3e37e034fd.jpeg','image/png'),(452,175,'lights-5cc3e37e0382b.jpeg','lights-5cc3e37e0382b.jpeg','image/png'),(453,175,'lights-5cc3e37e03b07.jpeg','lights-5cc3e37e03b07.jpeg','image/png'),(454,175,'sanfran-5cc3e37e03fd9.jpeg','sanfran-5cc3e37e03fd9.jpeg','image/png'),(455,176,'lights-5cc3e37e0750c.jpeg','lights-5cc3e37e0750c.jpeg','image/png'),(456,176,'nature-5cc3e37e07994.jpeg','nature-5cc3e37e07994.jpeg','image/png'),(457,176,'sanfran-5cc3e37e07d37.jpeg','sanfran-5cc3e37e07d37.jpeg','image/png'),(458,176,'lights-5cc3e37e0823d.jpeg','lights-5cc3e37e0823d.jpeg','image/png'),(459,176,'sanfran-5cc3e37e08712.jpeg','sanfran-5cc3e37e08712.jpeg','image/png'),(460,176,'lights-5cc3e37e08b0f.jpeg','lights-5cc3e37e08b0f.jpeg','image/png'),(461,177,'sanfran-5cc3e37e0be50.jpeg','sanfran-5cc3e37e0be50.jpeg','image/png'),(462,177,'paris-5cc3e37e0c155.jpeg','paris-5cc3e37e0c155.jpeg','image/png'),(463,178,'paris-5cc3e37e0f569.jpeg','paris-5cc3e37e0f569.jpeg','image/png'),(464,178,'sanfran-5cc3e37e0f86d.jpeg','sanfran-5cc3e37e0f86d.jpeg','image/png'),(465,178,'fjords-5cc3e37e0fcd2.jpeg','fjords-5cc3e37e0fcd2.jpeg','image/png'),(466,179,'lights-5cc3e37e12968.jpeg','lights-5cc3e37e12968.jpeg','image/png'),(467,179,'paris-5cc3e37e12c70.jpeg','paris-5cc3e37e12c70.jpeg','image/png'),(468,179,'newyork-5cc3e37e12fb5.jpeg','newyork-5cc3e37e12fb5.jpeg','image/png'),(469,180,'fjords-5cc3e37e15bb8.jpeg','fjords-5cc3e37e15bb8.jpeg','image/png'),(470,180,'sanfran-5cc3e37e15ed6.jpeg','sanfran-5cc3e37e15ed6.jpeg','image/png'),(471,180,'fjords-5cc3e37e16283.jpeg','fjords-5cc3e37e16283.jpeg','image/png'),(472,181,'newyork-5cc3e37e18f4d.jpeg','newyork-5cc3e37e18f4d.jpeg','image/png'),(473,181,'paris-5cc3e37e193be.jpeg','paris-5cc3e37e193be.jpeg','image/png'),(474,182,'lights-5cc3e37e1bbdc.jpeg','lights-5cc3e37e1bbdc.jpeg','image/png'),(475,182,'nature-5cc3e37e1c052.jpeg','nature-5cc3e37e1c052.jpeg','image/png'),(476,182,'newyork-5cc3e37e1c3f5.jpeg','newyork-5cc3e37e1c3f5.jpeg','image/png'),(477,182,'lights-5cc3e37e1c979.jpeg','lights-5cc3e37e1c979.jpeg','image/png'),(478,183,'paris-5cc3e37e20d02.jpeg','paris-5cc3e37e20d02.jpeg','image/png'),(479,184,'lights-5cc3e37e24d21.jpeg','lights-5cc3e37e24d21.jpeg','image/png'),(480,184,'sanfran-5cc3e37e25074.jpeg','sanfran-5cc3e37e25074.jpeg','image/png'),(481,184,'nature-5cc3e37e27c11.jpeg','nature-5cc3e37e27c11.jpeg','image/png'),(482,184,'paris-5cc3e37e28145.jpeg','paris-5cc3e37e28145.jpeg','image/png'),(483,185,'paris-5cc3e37e2cadf.jpeg','paris-5cc3e37e2cadf.jpeg','image/png'),(484,185,'newyork-5cc3e37e2cf2e.jpeg','newyork-5cc3e37e2cf2e.jpeg','image/png'),(485,186,'nature-5cc3e37e300b1.jpeg','nature-5cc3e37e300b1.jpeg','image/png'),(486,186,'paris-5cc3e37e30584.jpeg','paris-5cc3e37e30584.jpeg','image/png'),(487,186,'fjords-5cc3e37e30b70.jpeg','fjords-5cc3e37e30b70.jpeg','image/png'),(488,186,'lights-5cc3e37e327a6.jpeg','lights-5cc3e37e327a6.jpeg','image/png'),(489,186,'paris-5cc3e37e3342f.jpeg','paris-5cc3e37e3342f.jpeg','image/png'),(490,187,'paris-5cc3e37e36c07.jpeg','paris-5cc3e37e36c07.jpeg','image/png'),(491,187,'nature-5cc3e37e3701b.jpeg','nature-5cc3e37e3701b.jpeg','image/png'),(492,187,'sanfran-5cc3e37e37329.jpeg','sanfran-5cc3e37e37329.jpeg','image/png'),(493,187,'paris-5cc3e37e377ef.jpeg','paris-5cc3e37e377ef.jpeg','image/png'),(494,188,'fjords-5cc3e37e3a973.jpeg','fjords-5cc3e37e3a973.jpeg','image/png'),(495,188,'sanfran-5cc3e37e3acee.jpeg','sanfran-5cc3e37e3acee.jpeg','image/png'),(496,189,'fjords-5cc3e37e3fdf6.jpeg','fjords-5cc3e37e3fdf6.jpeg','image/png'),(497,189,'sanfran-5cc3e37e40b81.jpeg','sanfran-5cc3e37e40b81.jpeg','image/png'),(498,189,'paris-5cc3e37e40ef1.jpeg','paris-5cc3e37e40ef1.jpeg','image/png'),(499,190,'lights-5cc3e37e44690.jpeg','lights-5cc3e37e44690.jpeg','image/png'),(500,190,'nature-5cc3e37e449d8.jpeg','nature-5cc3e37e449d8.jpeg','image/png'),(501,190,'lights-5cc3e37e44ef6.jpeg','lights-5cc3e37e44ef6.jpeg','image/png'),(502,191,'fjords-5cc3e37e49f05.jpeg','fjords-5cc3e37e49f05.jpeg','image/png'),(503,191,'nature-5cc3e37e4a8cc.jpeg','nature-5cc3e37e4a8cc.jpeg','image/png'),(504,191,'paris-5cc3e37e4ae7b.jpeg','paris-5cc3e37e4ae7b.jpeg','image/png'),(505,192,'sanfran-5cc3e37e4bd62.jpeg','sanfran-5cc3e37e4bd62.jpeg','image/png'),(506,192,'lights-5cc3e37e4c057.jpeg','lights-5cc3e37e4c057.jpeg','image/png'),(507,192,'sanfran-5cc3e37e4c3e8.jpeg','sanfran-5cc3e37e4c3e8.jpeg','image/png'),(508,193,'nature-5cc3e37e4f0bc.jpeg','nature-5cc3e37e4f0bc.jpeg','image/png'),(509,193,'sanfran-5cc3e37e4f3bc.jpeg','sanfran-5cc3e37e4f3bc.jpeg','image/png'),(510,193,'sanfran-5cc3e37e4f6b8.jpeg','sanfran-5cc3e37e4f6b8.jpeg','image/png'),(511,193,'newyork-5cc3e37e4fbd5.jpeg','newyork-5cc3e37e4fbd5.jpeg','image/png'),(512,194,'nature-5cc3e37e52464.jpeg','nature-5cc3e37e52464.jpeg','image/png'),(513,194,'lights-5cc3e37e5280d.jpeg','lights-5cc3e37e5280d.jpeg','image/png'),(514,194,'newyork-5cc3e37e52cdf.jpeg','newyork-5cc3e37e52cdf.jpeg','image/png'),(515,194,'nature-5cc3e37e53338.jpeg','nature-5cc3e37e53338.jpeg','image/png'),(516,194,'lights-5cc3e37e5367a.jpeg','lights-5cc3e37e5367a.jpeg','image/png'),(517,195,'nature-5cc3e37e55400.jpeg','nature-5cc3e37e55400.jpeg','image/png'),(518,195,'fjords-5cc3e37e55a1e.jpeg','fjords-5cc3e37e55a1e.jpeg','image/png'),(519,195,'lights-5cc3e37e55e34.jpeg','lights-5cc3e37e55e34.jpeg','image/png'),(520,196,'fjords-5cc3e37e5887c.jpeg','fjords-5cc3e37e5887c.jpeg','image/png'),(521,197,'fjords-5cc3e37e5e2d7.jpeg','fjords-5cc3e37e5e2d7.jpeg','image/png'),(522,197,'newyork-5cc3e37e5ec03.jpeg','newyork-5cc3e37e5ec03.jpeg','image/png'),(523,197,'paris-5cc3e37e5f18e.jpeg','paris-5cc3e37e5f18e.jpeg','image/png'),(524,198,'lights-5cc3e37e62954.jpeg','lights-5cc3e37e62954.jpeg','image/png'),(525,198,'sanfran-5cc3e37e62fa6.jpeg','sanfran-5cc3e37e62fa6.jpeg','image/png'),(526,198,'lights-5cc3e37e634b0.jpeg','lights-5cc3e37e634b0.jpeg','image/png'),(527,198,'fjords-5cc3e37e639fb.jpeg','fjords-5cc3e37e639fb.jpeg','image/png'),(528,199,'lights-5cc3e37e695f2.jpeg','lights-5cc3e37e695f2.jpeg','image/png'),(529,200,'nature-5cc3e37e6c7cf.jpeg','nature-5cc3e37e6c7cf.jpeg','image/png'),(530,200,'lights-5cc3e37e6cce3.jpeg','lights-5cc3e37e6cce3.jpeg','image/png'),(531,200,'lights-5cc3e37e6d093.jpeg','lights-5cc3e37e6d093.jpeg','image/png'),(532,200,'sanfran-5cc3e37e6d794.jpeg','sanfran-5cc3e37e6d794.jpeg','image/png');
/*!40000 ALTER TABLE `contribution_image` ENABLE KEYS */;
UNLOCK TABLES;

--
-- Table structure for table `faculty`
--

DROP TABLE IF EXISTS `faculty`;
/*!40101 SET @saved_cs_client     = @@character_set_client */;
/*!40101 SET character_set_client = utf8 */;
CREATE TABLE `faculty` (
  `id` int(11) NOT NULL AUTO_INCREMENT,
  `name` varchar(255) COLLATE utf8mb4_unicode_ci NOT NULL,
  PRIMARY KEY (`id`)
) ENGINE=InnoDB AUTO_INCREMENT=5 DEFAULT CHARSET=utf8mb4 COLLATE=utf8mb4_unicode_ci;
/*!40101 SET character_set_client = @saved_cs_client */;

--
-- Dumping data for table `faculty`
--

LOCK TABLES `faculty` WRITE;
/*!40000 ALTER TABLE `faculty` DISABLE KEYS */;
INSERT INTO `faculty` VALUES (1,'Faculty of Art'),(2,'Faculty of Law'),(3,'Faculty of Engineering'),(4,'Faculty of Philosophy');
/*!40000 ALTER TABLE `faculty` ENABLE KEYS */;
UNLOCK TABLES;

--
-- Table structure for table `migration_versions`
--

DROP TABLE IF EXISTS `migration_versions`;
/*!40101 SET @saved_cs_client     = @@character_set_client */;
/*!40101 SET character_set_client = utf8 */;
CREATE TABLE `migration_versions` (
  `version` varchar(255) COLLATE utf8_unicode_ci NOT NULL,
  PRIMARY KEY (`version`)
) ENGINE=InnoDB DEFAULT CHARSET=utf8 COLLATE=utf8_unicode_ci;
/*!40101 SET character_set_client = @saved_cs_client */;

--
-- Dumping data for table `migration_versions`
--

LOCK TABLES `migration_versions` WRITE;
/*!40000 ALTER TABLE `migration_versions` DISABLE KEYS */;
INSERT INTO `migration_versions` VALUES ('20190420150510'),('20190420180744'),('20190426022340'),('20190426022909'),('20190426023552'),('20190426070905');
/*!40000 ALTER TABLE `migration_versions` ENABLE KEYS */;
UNLOCK TABLES;

--
-- Table structure for table `term`
--

DROP TABLE IF EXISTS `term`;
/*!40101 SET @saved_cs_client     = @@character_set_client */;
/*!40101 SET character_set_client = utf8 */;
CREATE TABLE `term` (
  `id` int(11) NOT NULL AUTO_INCREMENT,
  `name` varchar(255) COLLATE utf8mb4_unicode_ci NOT NULL,
  `active` tinyint(1) NOT NULL,
  `entry_closes_at` datetime NOT NULL,
  `final_closes_at` datetime NOT NULL,
  PRIMARY KEY (`id`)
) ENGINE=InnoDB AUTO_INCREMENT=5 DEFAULT CHARSET=utf8mb4 COLLATE=utf8mb4_unicode_ci;
/*!40101 SET character_set_client = @saved_cs_client */;

--
-- Dumping data for table `term`
--

LOCK TABLES `term` WRITE;
/*!40000 ALTER TABLE `term` DISABLE KEYS */;
INSERT INTO `term` VALUES (1,'Term 1',1,'2019-07-23 11:06:07','2019-08-06 11:06:07'),(2,'Term 2',1,'2019-03-11 16:06:03','2019-03-25 16:06:03'),(3,'Term 3',1,'2019-06-14 15:47:52','2019-06-28 15:47:52'),(4,'Term 4',1,'2019-06-01 09:05:21','2019-06-15 09:05:21');
/*!40000 ALTER TABLE `term` ENABLE KEYS */;
UNLOCK TABLES;

--
-- Table structure for table `user`
--

DROP TABLE IF EXISTS `user`;
/*!40101 SET @saved_cs_client     = @@character_set_client */;
/*!40101 SET character_set_client = utf8 */;
CREATE TABLE `user` (
  `id` int(11) NOT NULL AUTO_INCREMENT,
  `faculty_id` int(11) DEFAULT NULL,
  `email` varchar(180) COLLATE utf8mb4_unicode_ci NOT NULL,
  `roles` json NOT NULL,
  `password` varchar(255) COLLATE utf8mb4_unicode_ci NOT NULL,
  `enabled` tinyint(1) NOT NULL,
  `first_name` varchar(255) COLLATE utf8mb4_unicode_ci DEFAULT NULL,
  `last_name` varchar(255) COLLATE utf8mb4_unicode_ci DEFAULT NULL,
  PRIMARY KEY (`id`),
  UNIQUE KEY `UNIQ_8D93D649E7927C74` (`email`),
  KEY `IDX_8D93D649680CAB68` (`faculty_id`),
  CONSTRAINT `FK_8D93D649680CAB68` FOREIGN KEY (`faculty_id`) REFERENCES `faculty` (`id`)
) ENGINE=InnoDB AUTO_INCREMENT=137 DEFAULT CHARSET=utf8mb4 COLLATE=utf8mb4_unicode_ci;
/*!40101 SET character_set_client = @saved_cs_client */;

--
-- Dumping data for table `user`
--

LOCK TABLES `user` WRITE;
/*!40000 ALTER TABLE `user` DISABLE KEYS */;
INSERT INTO `user` VALUES (1,1,'coordinator1@example.com','[\"ROLE_COORDINATOR\"]','$2y$13$EXYech5AcQSZzgAjSLhgt.rZMBIIfGuF8orHIoCY4igOLNp1iOxXC',1,'Otilia','McCullough'),(2,2,'coordinator2@example.com','[\"ROLE_COORDINATOR\"]','$2y$13$dkWAvGdj.ZX0hEtGEKRn5efek9anZRmn.O1qWEoEwASKk4TR8PCAe',1,'Arnoldo','Crist'),(3,3,'coordinator3@example.com','[\"ROLE_COORDINATOR\"]','$2y$13$rfigb.sbfzazR8l.kjGu/OW5nnDbPR.p0.y0DtNmRjqyjp7J.km9G',1,'Jovany','Kuhlman'),(4,4,'coordinator4@example.com','[\"ROLE_COORDINATOR\"]','$2y$13$/sKSPz1hpPtHHApljhgaBOC8R1Yfa3Rrpo94tsxwu3JKQ/PfQqpbW',1,'Sabrina','Kuvalis'),(5,NULL,'admin@example.com','[\"ROLE_ADMIN\"]','$2y$13$XH/De14jJzFzBwr.8uKo8.bSZPgBfioH3737CXlaN4qUQvHDXOTV.',1,'Pansy','Gottlieb'),(6,NULL,'manager@example.com','[\"ROLE_MANAGER\"]','$2y$13$w36mFLWNu11fUPAD1NM5ceUuZctBvKq.YAmKSOPgugR4OP5JQmS16',1,'Green','Aufderhar'),(7,2,'student1@example.com','[\"ROLE_STUDENT\"]','$2y$13$Jn.7Xk6s.DPUkiEzLFG.J.qQcpGGy0X0dYzBSkKOW/3WjJi74Q9Q2',1,'Moises','Parisian'),(8,4,'student2@example.com','[\"ROLE_STUDENT\"]','$2y$13$/F5GeEQAG8GfLJezBIcHGuBjXbYneldunwF.WP4nd3xR469u.pWXm',1,'Madyson','Bailey'),(9,1,'student3@example.com','[\"ROLE_STUDENT\"]','$2y$13$IwLtAmFjXVDprzLqE/AuIu4ayp2T6YcBtMTTDm27KbkLrUWSZhHqm',1,'Dariana','Bergstrom'),(10,4,'student4@example.com','[\"ROLE_STUDENT\"]','$2y$13$GBcjQgrvQgolgt1ti4BSzOu77I.5cVg4Li6Umoob8ZZL6DPM9Pg/m',1,'Tate','Hamill'),(11,2,'student5@example.com','[\"ROLE_STUDENT\"]','$2y$13$SdhxjXAgdLG/OtyCgoY9eOlydyXI8/Oj/zAGIUJjGlBf.47WP0NYa',1,'Elsa','Harvey'),(12,3,'student6@example.com','[\"ROLE_STUDENT\"]','$2y$13$Wf9YcbG20rGqORG56qXvKuHCfx3ssz/V9u4hqpokFqKAyuWdVAu5y',1,'Madisyn','Abernathy'),(13,2,'student7@example.com','[\"ROLE_STUDENT\"]','$2y$13$cQ85d11GdXhFWEEhRsQ6fuoUDjLz/qSEpdTLBL9uhZ4EMC4sQnTDO',1,'Doug','Corkery'),(14,4,'student8@example.com','[\"ROLE_STUDENT\"]','$2y$13$0wgIRen/0oo2/B7y4DkxeOT.KnjKBw9SKP5DJ/yHrEZ7wjS.ZsQoa',1,'Ollie','Reichert'),(15,3,'student9@example.com','[\"ROLE_STUDENT\"]','$2y$13$oj633c/N7FfnYFatYBp8veKJG2FMDDA9oSLjqQhFYBA2Dwlnsqewe',1,'Ernie','Funk'),(16,1,'student10@example.com','[\"ROLE_STUDENT\"]','$2y$13$KhdNTzD0FtCi1W/XXZo.5.XwFR7FaYGOu.XfsabJ12vdapy7bqMfi',1,'Henderson','Gutmann'),(17,3,'student11@example.com','[\"ROLE_STUDENT\"]','$2y$13$.4b2XK1U0AyBMfHf/dVHv.4rkWubl7PNQUzpO0QWHfRSzRjTHJyNy',1,'Mauricio','Hills'),(18,3,'student12@example.com','[\"ROLE_STUDENT\"]','$2y$13$.h0CtQrje4Nx96tJjiI5T.p8iDp83TfTfUjYPGHUnvYF2ciN4JiTu',1,'Courtney','Padberg'),(19,1,'student13@example.com','[\"ROLE_STUDENT\"]','$2y$13$QcgvyeItpFOHI0JbIQ9ogeK4A7Nqpkro93TNK5yNIzpQ6oZfHMa6W',1,'Amelia','Trantow'),(20,1,'student14@example.com','[\"ROLE_STUDENT\"]','$2y$13$QU9UztRevGSIyZHa8Ak12uUEBrpOvd6nufhOfFnDpvsxyF.BRgOhq',1,'Dan','Wyman'),(21,3,'student15@example.com','[\"ROLE_STUDENT\"]','$2y$13$1C6BfALSxxsmJh6iD4af9O3DTlHPPkRQ.xqXcqAw9iQs67BsKeODu',1,'Macey','Treutel'),(22,1,'student16@example.com','[\"ROLE_STUDENT\"]','$2y$13$L799r7f7xElahEfKPm2sluZycXVGLGwH8sp76QGpCSpMAlanI15yC',1,'Okey','Stamm'),(23,3,'student17@example.com','[\"ROLE_STUDENT\"]','$2y$13$VFXtUKZzpdIgySjjtxhloO5egWbnbeyma3FyiVj82vqv0bF/n7dH2',1,'Vince','Wisoky'),(24,2,'student18@example.com','[\"ROLE_STUDENT\"]','$2y$13$8wEFaLbfK1KIcSHFjyzcEuep6u2NbjE7cIF9U/6g.HRAPPccpntBu',1,'Braulio','Wisoky'),(25,4,'student19@example.com','[\"ROLE_STUDENT\"]','$2y$13$VPuHnsh7UAqfWwI/k1Slt.dPb85sYjxJZQxj2nf6IKluD8lN1ATNG',1,'Stewart','Lockman'),(26,1,'student20@example.com','[\"ROLE_STUDENT\"]','$2y$13$eSzLtePHja8nolyadT2gue8kSoe62Eai5daoclOuFkcWzdKXiMf5a',1,'Dina','Predovic'),(27,1,'student21@example.com','[\"ROLE_STUDENT\"]','$2y$13$q76UeblqoeWKLnrkiDQAPuTOR3UuJH75QkltZ7brTyH9svXgHJSEq',1,'Abigayle','Nitzsche'),(28,1,'student22@example.com','[\"ROLE_STUDENT\"]','$2y$13$Cn5oPcXDNuV2MVjBN2xk1OPhAaHLz9vMQG8BDAyEIAz2n45x5Aefi',1,'Deangelo','Konopelski'),(29,1,'student23@example.com','[\"ROLE_STUDENT\"]','$2y$13$k9UF2eY0.yBlVBt4L5wiAOzg8Owgz7UKdzLs4T3peHElliBbiU/LK',1,'Francisco','Goyette'),(30,3,'student24@example.com','[\"ROLE_STUDENT\"]','$2y$13$.kh/SQXeYY7tn6Au/eRcGeeA3v9tVVRsDkdfiWZ6uNZ58nrrIOhPO',1,'Paige','Gottlieb'),(31,4,'student25@example.com','[\"ROLE_STUDENT\"]','$2y$13$py6ehe1q4u8iD7UQyzUwleuB/II29IKpGt0aGP13mhEt8vlgnmzqO',1,'Kendra','Gleason'),(32,1,'student26@example.com','[\"ROLE_STUDENT\"]','$2y$13$uiLhyR7SB/3Fyspco55YsuAPqXD0xPj/Y58f.Aa3zHV9f7kQ9MZjy',1,'Tatum','Toy'),(33,3,'student27@example.com','[\"ROLE_STUDENT\"]','$2y$13$vqsYGSTeTbdBUrYm.ikzIOXaJc.poOH6VscmxEhaksQgFL6m7ggzS',1,'Phyllis','Wisozk'),(34,2,'student28@example.com','[\"ROLE_STUDENT\"]','$2y$13$DgJA4u/JYxkIeIc3TyfRVObMvwxQn7lWh.utYxe15scxXmebF2GPy',1,'Jairo','McCullough'),(35,3,'student29@example.com','[\"ROLE_STUDENT\"]','$2y$13$8p7AACqSxbqrONjhFsxrnuLk3xmVFpQGdpZent0aYH7/VXkNGlkV6',1,'Liana','Kassulke'),(36,4,'student30@example.com','[\"ROLE_STUDENT\"]','$2y$13$a87N3hzbddPkcWYdkjnZwOggwjVgw95PCeC2S74x0oy6QmSmWrSsC',1,'Leann','Wiegand'),(37,2,'student31@example.com','[\"ROLE_STUDENT\"]','$2y$13$JjLysy91.Ok74T4rnePFmuaf6x.yde.vFQ0OhnfPnUsK.X.epNJAe',1,'Brayan','Casper'),(38,3,'student32@example.com','[\"ROLE_STUDENT\"]','$2y$13$eOw47fVfBslRn6L92QLe5OxHVExRa9Sj08Un7gw7pL/5FHMZsJZIe',1,'Kaitlin','Christiansen'),(39,1,'student33@example.com','[\"ROLE_STUDENT\"]','$2y$13$LT6/GoI9JWowx3xkaw6YfOL2oShD5qSQX87JPVxddiHCHa6rh8sEK',1,'Ron','Purdy'),(40,4,'student34@example.com','[\"ROLE_STUDENT\"]','$2y$13$sX3jAdPvRy/3jypKEsZex.h2/tYi1bV/KrcCfzgX.eBCVw1281b9C',1,'Aida','Yundt'),(41,1,'student35@example.com','[\"ROLE_STUDENT\"]','$2y$13$twne2iO5ShRT3Gw228rieeAn06N0X2jSpKyMvB6iZc02BP4LAQs9u',1,'Izaiah','Balistreri'),(42,4,'student36@example.com','[\"ROLE_STUDENT\"]','$2y$13$z3N2G8Ob6Vrw2/POd.vyC.jkIMxu1ZoXXc4TkF73o4XWojbIS4PuK',1,'Janis','Waelchi'),(43,1,'student37@example.com','[\"ROLE_STUDENT\"]','$2y$13$XeU81YNLOS9xogQj8nLi5u/7/YC3lH2JSDP/p7jViS/o.IuLuAcJS',1,'Daniella','West'),(44,4,'student38@example.com','[\"ROLE_STUDENT\"]','$2y$13$MX2ix3yyAC2U50Vc7KTZ0em4lOPKgarCHFsO/y1zYP.BzJIncK5SW',1,'Vada','Cole'),(45,4,'student39@example.com','[\"ROLE_STUDENT\"]','$2y$13$N9NGBSEgsvb/9wnV0xfHWu1V6BTFZktQyTYCkjlHIUhxI24cu0JsG',1,'Stanton','Schneider'),(46,3,'student40@example.com','[\"ROLE_STUDENT\"]','$2y$13$bOjjbbsJwTarkh0818sNQ./ANVpPqMnFccQ4pIl/ZcK7/h5j7ci8i',1,'Mable','Wyman'),(47,4,'student41@example.com','[\"ROLE_STUDENT\"]','$2y$13$Uv.sJroSB4036XfOD4LRG.qjbh8gP8fHsnJHR2fMWH2X8yOdY2zFu',1,'Kylie','Feil'),(48,2,'student42@example.com','[\"ROLE_STUDENT\"]','$2y$13$CkZMKuw19kryD0ur0Tw40ej8mPzHgt7fDmk53/hIxYiJau0t0WXG6',1,'Margot','Collins'),(49,4,'student43@example.com','[\"ROLE_STUDENT\"]','$2y$13$xC1aLCmOhrHGTX68rNqcXea818TY50nzO3xH1NXZFxZU6wRfsnnYS',1,'Alec','Lowe'),(50,1,'student44@example.com','[\"ROLE_STUDENT\"]','$2y$13$BtqjDpTSPyHS1EsZp2/uR.MpgjfJjeI.vyHbRW2aR7NWkWPSN.LGq',1,'Zoila','Gottlieb'),(51,1,'student45@example.com','[\"ROLE_STUDENT\"]','$2y$13$UpJGQyRFkrzK24Ii02lJEue08ggWKgxo2oIfKypT22arLuBKT/Sw6',1,'Garrison','Rice'),(52,4,'student46@example.com','[\"ROLE_STUDENT\"]','$2y$13$ct5x6JJz9xjixZ02wt9DwOlLD/2gOtslT7NiTqVoLHE8wFbuEvxO2',1,'Ellsworth','Swift'),(53,3,'student47@example.com','[\"ROLE_STUDENT\"]','$2y$13$p00abKTrb9Bi9usTm3bJPuKHswepAhmbEWt6sSTRjWOzYpZf7h0h2',1,'Isai','Gibson'),(54,1,'student48@example.com','[\"ROLE_STUDENT\"]','$2y$13$GbE1GdqljDOWCKFoXvYt.ej/AvUgDEFydsecbJK3OoDslb8qb1ACe',1,'Dell','Mosciski'),(55,1,'student49@example.com','[\"ROLE_STUDENT\"]','$2y$13$aE7r2QCehyG51l1TY.iMyunnKcqYEqHC26kjF.Ne8zdp8T3B4vvcu',1,'Amparo','Konopelski'),(56,1,'student50@example.com','[\"ROLE_STUDENT\"]','$2y$13$8HxJLsfbhZ3SyeSg8pEQRuBOE/q50mFlM8pyWv8eAGePUBMtay9He',1,'Timmothy','Walker'),(57,1,'student51@example.com','[\"ROLE_STUDENT\"]','$2y$13$TkedwsuStc.RN2EU/mCOf.fDRP4SDIahqp2XqyfFoUW/rQsV4X8KC',1,'Jalon','Crist'),(58,2,'student52@example.com','[\"ROLE_STUDENT\"]','$2y$13$mcn5ChNAHSVtklukiXQXkOBiU4vmV69FCKicpKGLLsMCAQdyEMn6e',1,'Cicero','Wintheiser'),(59,1,'student53@example.com','[\"ROLE_STUDENT\"]','$2y$13$W8XUqcX84byFJJIWAzeAuOVhEKfO9tXg2ZpoZrxJfrDriIwf9jxS6',1,'Berenice','Fahey'),(60,2,'student54@example.com','[\"ROLE_STUDENT\"]','$2y$13$COtnbXiRHR7k8tGJPpVbj.7onrSTwxLuVgr.zCjBMCNfs4SU.mK.i',1,'Eve','Lehner'),(61,2,'student55@example.com','[\"ROLE_STUDENT\"]','$2y$13$l/8sf7K5T/V1Shifgn676eKGrFd7LniNjjLSWFGtAYAaFwToqaBbW',1,'Casimir','Willms'),(62,2,'student56@example.com','[\"ROLE_STUDENT\"]','$2y$13$DwMRfFU8RdfG2Vs1ompZa.vsvYoE4Kpw5xSTyNgvXs5i7ZkNBvmPa',1,'Lupe','Renner'),(63,1,'student57@example.com','[\"ROLE_STUDENT\"]','$2y$13$1ZnbMWecQXlA7H6ZO9WU/OAfIg3VkmBy5XzYR/SH2H8MPpgLoIaPq',1,'Joanny','Jacobi'),(64,4,'student58@example.com','[\"ROLE_STUDENT\"]','$2y$13$T8BdyhcscwZ9DWIiEn9k.uWPwDUoN6XdPERlCzR.SbBsDBfZNa7T2',1,'Vivien','Halvorson'),(65,4,'student59@example.com','[\"ROLE_STUDENT\"]','$2y$13$C8HOSiEN6vX5qr34tdUgIe5micaT0fo0YCN8jm/Ykx7Z0.UaJtemG',1,'Karolann','Goldner'),(66,2,'student60@example.com','[\"ROLE_STUDENT\"]','$2y$13$gDvVR7V5VPM.Xqs06XJYq.dnPqCc9Rer4peHbnz/5Xpe8zM0aWP.W',1,'Loma','Trantow'),(67,2,'student61@example.com','[\"ROLE_STUDENT\"]','$2y$13$GsI0m5.9L7Ypb19RSuTpaun7RNmw7Imm1jFmGtxUiVhOUXSs7pcUK',1,'Kristoffer','Hackett'),(68,4,'student62@example.com','[\"ROLE_STUDENT\"]','$2y$13$wK0URJCHmU61ThGOPoR2O.7njWhsP8J4VOWSu1h3G.yHqIUm9DxFm',1,'Jared','Denesik'),(69,1,'student63@example.com','[\"ROLE_STUDENT\"]','$2y$13$0.RPHw2825TdBt2QFpI8IeGrgpRm38tgajnWOBCnijEXj0EVX4zKu',1,'Michaela','Kutch'),(70,2,'student64@example.com','[\"ROLE_STUDENT\"]','$2y$13$rtw9zK5NY0JDkXC0uS/08.qGbvAfQpFlBZoY7kOoZFJAyLAOUxk/G',1,'Lauryn','O\'Hara'),(71,4,'student65@example.com','[\"ROLE_STUDENT\"]','$2y$13$E4/XJK8ej9FQsOnvbZVDu.j5AYe.olvUD5pIiFYR4piA/2OB1V5su',1,'Rhoda','Murazik'),(72,3,'student66@example.com','[\"ROLE_STUDENT\"]','$2y$13$fNDHDFJjzOxtzGk8CgtafO64mxM6.j5wKzTtcetkZHs45aJbUz7nC',1,'Jocelyn','Boyer'),(73,4,'student67@example.com','[\"ROLE_STUDENT\"]','$2y$13$cIrLOkRWSKrYN49qcoVzpu39opxT23kUdXetK2t65TjRZPeR5.hwO',1,'Lea','Gleason'),(74,3,'student68@example.com','[\"ROLE_STUDENT\"]','$2y$13$tT4BLcSctp3N8.tMUhiLIuIEK0P/Wy5xqhrSAp7StPOXPntx1s17G',1,'Kendra','Stamm'),(75,1,'student69@example.com','[\"ROLE_STUDENT\"]','$2y$13$XhYKk1gLWBB.xIqamNRyQubEvDyIw93FZTT2GmVWg5zmjg3OWYXGS',1,'Raina','Hermiston'),(76,4,'student70@example.com','[\"ROLE_STUDENT\"]','$2y$13$KrEBtDdDgRFOkuXQaUa8ZOGp3K13ZqSGG/V2hDjEXk9r5Ka7eCj7G',1,'Halle','Lockman'),(77,3,'student71@example.com','[\"ROLE_STUDENT\"]','$2y$13$bH2R5/YPrPxfVySDZoOaOeIFxxXBWUCHCCk961.q/wuIQifYQiEMa',1,'Samara','Smitham'),(78,3,'student72@example.com','[\"ROLE_STUDENT\"]','$2y$13$O9U8vTQq1KVYvRhZhgsDYeVMus3PXLjPIsZrT77A9Mf.qu6tNWQ2.',1,'Josefa','Stracke'),(79,4,'student73@example.com','[\"ROLE_STUDENT\"]','$2y$13$uVipFlURCIG26nIlt04nxeksnEX46BdMB2bWNngFF0u6lcwDG2ozW',1,'Buford','Dicki'),(80,2,'student74@example.com','[\"ROLE_STUDENT\"]','$2y$13$3k6hPExwXM.HblfUPQ7SUOpYEDdRmTgL1ZmZGAfNL3pIGt3auRJym',1,'Mossie','Moore'),(81,1,'student75@example.com','[\"ROLE_STUDENT\"]','$2y$13$jatuiGRxhOEz29LSQFV3lebLfFEr0Ede8AtUdX10yq1eh91W8lT4q',1,'Winona','Kunde'),(82,2,'student76@example.com','[\"ROLE_STUDENT\"]','$2y$13$XGeK2jRLZywk/di/CcRiI.7NmMWD1PlctgCw3VURRsEbttcy1gAtO',1,'Rollin','Mante'),(83,1,'student77@example.com','[\"ROLE_STUDENT\"]','$2y$13$WT2YwjD7JyVfLRvCgfOKjueI0DgAXuoUcmZTU71Xe/lm9gYVy2XgW',1,'Jennyfer','Trantow'),(84,1,'student78@example.com','[\"ROLE_STUDENT\"]','$2y$13$PWKIGlF/U.B.cDWL7HoeEO0R6IL0SDrpnv0JQwhnIz5BlPcy3FLvu',1,'Frida','Hackett'),(85,1,'student79@example.com','[\"ROLE_STUDENT\"]','$2y$13$kFBTYF1ripbQwjoTRRbWL.qdH4JXov62NgJ17iFCPN5VwIDIQ0oNu',1,'Beau','Cormier'),(86,3,'student80@example.com','[\"ROLE_STUDENT\"]','$2y$13$liZyP9QVaefZzcKJONl3FOAyxj4gcNSxBrHTfhXumXuXkrry6sSj2',1,'Norene','Sauer'),(87,3,'student81@example.com','[\"ROLE_STUDENT\"]','$2y$13$4Lvv4w/UTikk2CzU2YnjoeeKqoMyTlPJ6mrNEp2hGOmj.O3LvHodm',1,'Osborne','Cartwright'),(88,4,'student82@example.com','[\"ROLE_STUDENT\"]','$2y$13$EA6XrTrk7R6lwHV9h518CuHuBSqV8958n9FGokD9zOg6uXxTVfTQS',1,'Damian','Koch'),(89,4,'student83@example.com','[\"ROLE_STUDENT\"]','$2y$13$aNpk11gRAes7sTUtBi5P5O/naWf4qcpya6ZNPuSO1BGfQMBJ68A/O',1,'Bryon','Marquardt'),(90,1,'student84@example.com','[\"ROLE_STUDENT\"]','$2y$13$yaxaBMeNZkZgtahCIhgiPuj0rgFbxfXIBBzwZPtqBs2bUNetRDbli',1,'Darren','Block'),(91,1,'student85@example.com','[\"ROLE_STUDENT\"]','$2y$13$fkdD7mHU01HRpozAqpCd2.oLYmkrVw8QF7rN76aDgeAIGsW1i4Pl.',1,'Lulu','Schuster'),(92,4,'student86@example.com','[\"ROLE_STUDENT\"]','$2y$13$o56/Pp3rvLQoK6TNQRj2.OZf2R3saKC5XrgYl.nMEjvNcKKG.1mnO',1,'Joshuah','Bechtelar'),(93,2,'student87@example.com','[\"ROLE_STUDENT\"]','$2y$13$3ueONl/qV38hP16W6mVLlOAgIyKY5867dAbTjNZbXpnbH/tkgCCVi',1,'Claudia','Kohler'),(94,2,'student88@example.com','[\"ROLE_STUDENT\"]','$2y$13$vHAxxBb1Y6nY7YasC9byVu6vuMBl5ZJm5TK3ULK3yoyOX8ZynyjTq',1,'Adrianna','Ritchie'),(95,4,'student89@example.com','[\"ROLE_STUDENT\"]','$2y$13$tyczVz7toFElSTQIF/ouF.JQ2DQPoLjFkf7rFUwJPisMAEtjJDSnO',1,'Nia','Rippin'),(96,3,'student90@example.com','[\"ROLE_STUDENT\"]','$2y$13$dKSuWpqZAURQNji/s9JQVeZZj/FsS3qN6l1oDASECcURrykQTDJ0S',1,'Ethan','Howell'),(97,2,'student91@example.com','[\"ROLE_STUDENT\"]','$2y$13$k0Y.mE9Zl/M.OLyXefmkneDwqqZ4QhXEWy0U0JJExhMQzN0lf9OYC',1,'Mayra','Reilly'),(98,1,'student92@example.com','[\"ROLE_STUDENT\"]','$2y$13$pwlgP5rJBcrQ/aL1jn/2u.Iiolpq8NyRd723rGD9uq9oC0Mt7/4N2',1,'Gage','Dach'),(99,2,'student93@example.com','[\"ROLE_STUDENT\"]','$2y$13$ysPU.g1aSsGGZVOPjP3zeuTOu6M9E/5fYwLwb5oO4djFf59X.ZLpO',1,'Jalyn','Stehr'),(100,3,'student94@example.com','[\"ROLE_STUDENT\"]','$2y$13$Yy0nHMIF2ti/ZMZZs6pob.RSIlbTvkLR8SDQbR2U7J9wUI/vA7NGK',1,'Ayden','Lubowitz'),(101,3,'student95@example.com','[\"ROLE_STUDENT\"]','$2y$13$3BSE7b4UH53nfty2Nqm6yugOQrgHO6s6qA32fDRv8kAr/Opc.LtYy',1,'Tiana','Keebler'),(102,2,'student96@example.com','[\"ROLE_STUDENT\"]','$2y$13$895tEtT4UnEn3W53bbfNz.L1bhz8cbHyMS4X2sFElromIsLxMFT5a',1,'Christine','Collins'),(103,4,'student97@example.com','[\"ROLE_STUDENT\"]','$2y$13$zgToRpssOeRVBS5GNNq8qOUDUDgaePWphenXdj/xxHHZea22V9QXG',1,'Douglas','Spencer'),(104,4,'student98@example.com','[\"ROLE_STUDENT\"]','$2y$13$as5H3hdZqG.PNzoKW37xQeKqcz2S6OoFApgOtDwU9.JchbobaefLi',1,'Enola','Wolff'),(105,2,'student99@example.com','[\"ROLE_STUDENT\"]','$2y$13$jgM6iABlYaBGTpzbtpkHkOki83uwXdXPdNk//BzPyGX/OVoEFfgnm',1,'Lucy','Luettgen'),(106,4,'student100@example.com','[\"ROLE_STUDENT\"]','$2y$13$Oc2JfB8RocPFCFSm4U6/SuwwqCsbUpp4.T26um27D9PEbyyEO03aG',1,'Trycia','Dickinson'),(107,1,'guest1@example.com','[\"ROLE_GUEST\"]','$2y$13$Drw2pXS1ve2T3d9tznvyieJu7Cs.7QhKENgBh9lcgLb3Yn3Pk6Fei',1,'Audreanne','King'),(108,3,'guest2@example.com','[\"ROLE_GUEST\"]','$2y$13$aVhVuBv.kgBSfrI8bY0D1uKKF3Wo6QASrwnEfE1R3rjFTyDVr/Pq6',1,'Crystal','Vandervort'),(109,1,'guest3@example.com','[\"ROLE_GUEST\"]','$2y$13$cYU5Ckx2q8upoZvvVCQzceuC15BhLT0x5ZMWDoSC/7kJNZkZ0cyoO',1,'Birdie','D\'Amore'),(110,1,'guest4@example.com','[\"ROLE_GUEST\"]','$2y$13$EfIom5e2LMCq99Jc5uaCeuji2I.NZvQKnmaD.ssZIvAkuh.jQYfrO',1,'Dejon','Conn'),(111,3,'guest5@example.com','[\"ROLE_GUEST\"]','$2y$13$MlyCH3hW8otmm306ZRh8sec3DvMPrhxmj4T/soPIuteioDMAqrJYW',1,'Dax','Moen'),(112,4,'guest6@example.com','[\"ROLE_GUEST\"]','$2y$13$BzNTm6eW24CThQg0l07DNevlJJcBqq0lFf.DlgLKYmPZdF/FkrqvG',1,'Solon','Crooks'),(113,4,'guest7@example.com','[\"ROLE_GUEST\"]','$2y$13$L3.o51SCYC9dx5MVZiXRH.WpyOahbklYrP4hrVJgk1.nNU6YSGXVa',1,'Sam','Crooks'),(114,1,'guest8@example.com','[\"ROLE_GUEST\"]','$2y$13$GtdNufJP6Lnw8l.3EpX4xuSbX8FW6iwcB8WcYJ1ygBw2HmQWZnAPi',1,'Nat','Kihn'),(115,1,'guest9@example.com','[\"ROLE_GUEST\"]','$2y$13$9e0U4QNRsMm.77RsB83n9eTiSDuhot4VlNI28ZMuqUtmN3AQ9JzTu',1,'Dorris','Medhurst'),(116,4,'guest10@example.com','[\"ROLE_GUEST\"]','$2y$13$.gFyAN1woCE1bwxo4cgyL.nufDZaScRGuzUxCDd.JsPbyBTVArd26',1,'Dannie','Langosh'),(117,4,'guest11@example.com','[\"ROLE_GUEST\"]','$2y$13$iMUsm.OwptQ00Gujx8P0n.Ktbv1wOno8ZgZ3pnivwhan6JhP5E2W.',1,'Aryanna','Anderson'),(118,1,'guest12@example.com','[\"ROLE_GUEST\"]','$2y$13$GB.E82yM7THdgjADAuz0wu7yj4Cp98tRRroqHQF9X/EwSSjQ2h.cS',1,'Stanley','Hegmann'),(119,1,'guest13@example.com','[\"ROLE_GUEST\"]','$2y$13$Y9G7ZUFsqYJ9NevBMtv0UOaKCS5/QhG1kbIQy1ik6QlFOne3iD4YG',1,'Tyson','Gorczany'),(120,3,'guest14@example.com','[\"ROLE_GUEST\"]','$2y$13$/gy0MeQtql.h2i/QOOVdEuIpOK9Q/zaNiGoJeSjm07sKhV3AAbK.i',1,'Emmy','Schultz'),(121,1,'guest15@example.com','[\"ROLE_GUEST\"]','$2y$13$zneLs81BJZAjolkgVhQZvOTZGUz/1g9vXg0N/oVOtNq/s5YuW.p4.',1,'Mabel','Tillman'),(122,4,'guest16@example.com','[\"ROLE_GUEST\"]','$2y$13$kJB0w04WJPd11WLKFZdU.OOMr5Sq2k6bcfPU3hPQHtQ2HSD/wqQNC',1,'Destinee','Buckridge'),(123,2,'guest17@example.com','[\"ROLE_GUEST\"]','$2y$13$bGNVjlLsZpX.I5xPvS7OjetILpSTpCFmhMpcPhnwIL2InQKFPocYq',1,'Merritt','Spencer'),(124,3,'guest18@example.com','[\"ROLE_GUEST\"]','$2y$13$2gD5MlcTpk9sQY0qvB9qD.bpoDQv4l2YmdL9FF..hXVdtbcyOKxc6',1,'Jamey','Gleason'),(125,3,'guest19@example.com','[\"ROLE_GUEST\"]','$2y$13$ZnihBKFU47ckiJwWmJX6y.4XV0nHh36JWXyx5lCpX44RmWxWMrYgu',1,'Freda','McGlynn'),(126,4,'guest20@example.com','[\"ROLE_GUEST\"]','$2y$13$etcrTCQMssYAgmTqSE7LtuSyqjd02QCgejlEbYxhPAm8HuRVh1Fxa',1,'Vada','Gerhold'),(127,3,'guest21@example.com','[\"ROLE_GUEST\"]','$2y$13$G.bX380/x4kxLnJdjdA.Oeeeta2NJPFu6mTUR6TW0deMVUUksJ4hC',1,'Giovanni','Goldner'),(128,3,'guest22@example.com','[\"ROLE_GUEST\"]','$2y$13$f5BLPevUTSVlxE3pn1.WKOc.hzT8ryX5G2CiwRaBiwx9pFgqFG0sm',1,'Kenyatta','Kertzmann'),(129,4,'guest23@example.com','[\"ROLE_GUEST\"]','$2y$13$3IZXeCUC1AkTXTIdZxc/LO91LiARdgSTNzIFLCzyRtT63Abofzzbq',1,'Bridgette','Carroll'),(130,3,'guest24@example.com','[\"ROLE_GUEST\"]','$2y$13$BEZjcEKOChCEDLn3vHkop.kYAyg40AVYTN7Q1.wVhbLt2Pzp26/q.',1,'Ismael','Crona'),(131,1,'guest25@example.com','[\"ROLE_GUEST\"]','$2y$13$CHZ/VdYaPAnPeW6WhtgTs.Tg2oumX1N0UYU5W7LWTN.ABYddM4Gp.',1,'Crawford','Cronin'),(132,3,'guest26@example.com','[\"ROLE_GUEST\"]','$2y$13$BdpyziJJqcTTmpfBOyEiBORxO2RpDfn3mTWNfCIuIaMrknjDvIgHS',1,'Randy','Vandervort'),(133,2,'guest27@example.com','[\"ROLE_GUEST\"]','$2y$13$TTFk/dkf6L3lH1Uo0IZnJe4IpUHUv73iATTsrfvltmRMq9Z69aNOa',1,'Xander','Cartwright'),(134,2,'guest28@example.com','[\"ROLE_GUEST\"]','$2y$13$tQxuGsm0WYvI73P3t6N3sushrI8bFhJplqrx.RGhxteCmLIXhSQa6',1,'Nichole','Thiel'),(135,4,'guest29@example.com','[\"ROLE_GUEST\"]','$2y$13$EH/gso81d1TjCVyvSNIx8urDUy7mgd7ZfEYxk/nCoAb3A94sWTEC.',1,'Hiram','Bergstrom'),(136,4,'guest30@example.com','[\"ROLE_GUEST\"]','$2y$13$rol8EB89Gc4Vtf4DlenMyO4UmXc7mLi3HPBqeHIgwJXwO8MxDsYIW',1,'Collin','Erdman');
/*!40000 ALTER TABLE `user` ENABLE KEYS */;
UNLOCK TABLES;
/*!40103 SET TIME_ZONE=@OLD_TIME_ZONE */;

/*!40101 SET SQL_MODE=@OLD_SQL_MODE */;
/*!40014 SET FOREIGN_KEY_CHECKS=@OLD_FOREIGN_KEY_CHECKS */;
/*!40014 SET UNIQUE_CHECKS=@OLD_UNIQUE_CHECKS */;
/*!40101 SET CHARACTER_SET_CLIENT=@OLD_CHARACTER_SET_CLIENT */;
/*!40101 SET CHARACTER_SET_RESULTS=@OLD_CHARACTER_SET_RESULTS */;
/*!40101 SET COLLATION_CONNECTION=@OLD_COLLATION_CONNECTION */;
/*!40111 SET SQL_NOTES=@OLD_SQL_NOTES */;

-- Dump completed on 2019-04-27 12:08:03
